Source,Target,Year,Weight,Keywords
26648246800,57191987814,2016,1,['']
26648246800,7403154309,2012,2,"['', '']"
26648246800,7403154309,2013,1,"['Combinatorial traits', 'Continuous traits', 'Genome-wide analysis', 'GWAS', 'Linear regression', 'Metabolomics']"
26648246800,7403154309,2015,1,['']
26648246800,7403154309,2016,2,"['', 'Education', 'Genetics', 'Longevity', 'Polygenic score', 'Prediction']"
26648246800,7403154309,2017,3,"['Basophils', 'CEBPA', 'Genome sequencing', 'GWAS', 'Hematopoiesis', '', '']"
26648246800,7004697483,2010,1,"['Assumed similarity', 'NEO PI-R', 'Personality ratings', 'Restriction for range', 'Self-observer agreement', 'Visibility of traits']"
26648246800,7004697483,2011,4,"['Copy-number variations (CNV)', 'Mental retardation (MR)', 'SNP genotyping arrays', 'Uniparental disomy (UPD)', '', '', '']"
26648246800,7004697483,2012,6,"['Aging', 'Anxiety', 'Depressive symptoms', 'Genetics', 'IPIP personality', 'NEO personality', '', '', '', 'Behavioral Choices', 'Health Behaviors', 'Personality', 'Psychology', 'Sexually Transmitted Disease', 'Diet', 'Dietary patterns', 'Five-Factor Model', 'Openness', 'Personality']"
26648246800,7004697483,2013,1,"['Happiness and life-satisfaction', 'NEO PI-3', 'Personality ratings', 'Self-other agreement', 'Subjective well-being']"
26648246800,7004697483,2014,4,"['', '', 'CD', 'Gene Regulation', 'Mouse Model', 'UC', '']"
26648246800,7004697483,2015,10,"['', '', '', '', '', '', '', '', 'Five-Factor Model of personality', 'Neuroticism', 'Peptic ulcer disease', '']"
26648246800,7004697483,2016,9,"['', '', '', '', '', 'FFM personality traits', 'general self-rated health', 'health-related quality of life', 'objective health indicators', 'subjective well-being', '', 'Education', 'Genetics', 'Longevity', 'Polygenic score', 'Prediction', 'Gene expression', 'Genetic correlation', 'Sex-specific genetic architecture']"
26648246800,7004697483,2017,6,"['gene expression', 'genetic architecture', 'genetic association study', 'heritability', 'linear mixed models', 'Basophils', 'CEBPA', 'Genome sequencing', 'GWAS', 'Hematopoiesis', '', '', '', '']"
26648246800,56813518300,2011,1,"['Copy-number variations (CNV)', 'Mental retardation (MR)', 'SNP genotyping arrays', 'Uniparental disomy (UPD)']"
26648246800,56813518300,2015,3,"['', '', '']"
26648246800,56813518300,2013,1,"['Combinatorial traits', 'Continuous traits', 'Genome-wide analysis', 'GWAS', 'Linear regression', 'Metabolomics']"
26648246800,56813518300,2016,2,"['', '']"
26648246800,56813518300,2017,2,"['Basophils', 'CEBPA', 'Genome sequencing', 'GWAS', 'Hematopoiesis', '']"
57191987814,7004697483,2008,1,['']
57191987814,7004697483,2009,1,"['Haplotype diversity', 'Haplotypes', 'Linkage disequilibrium', 'Population history', 'SNPs']"
57191987814,7004697483,2015,2,"['', '']"
57191987814,7004697483,2017,1,"['Genetics', 'Inguinal hernia', 'Titin', 'Whole-exome sequencing']"
57191987814,7004697483,2016,2,"['', '']"
57191987814,56813518300,2008,1,['']
57191987814,56813518300,2015,2,"['', '']"
57191987814,56813518300,2016,2,"['', '']"
7403154309,7004697483,2011,1,['']
7403154309,7004697483,2012,1,['']
7403154309,7004697483,2014,2,"['Cardiovascular disease', 'Harmonization', 'Metabolic syndrome', 'Metabolically healthy', 'Obesity', '']"
7403154309,7004697483,2015,1,['']
7403154309,7004697483,2016,1,"['Education', 'Genetics', 'Longevity', 'Polygenic score', 'Prediction']"
7403154309,7004697483,2017,4,"['Basophils', 'CEBPA', 'Genome sequencing', 'GWAS', 'Hematopoiesis', '', 'Genetic Risk', 'Genetic Risk Score', 'Precision Medicine', 'Risk Prediction', 'Type 2 Diabetes', '']"
7403154309,56813518300,2013,1,"['Combinatorial traits', 'Continuous traits', 'Genome-wide analysis', 'GWAS', 'Linear regression', 'Metabolomics']"
7403154309,56813518300,2015,1,['']
7403154309,56813518300,2017,4,"['Correlation', 'Genome-wide association study', 'Meta-analysis', 'Multiple phenotypes', 'Multivariate analysis', 'Reverse regression', 'Basophils', 'CEBPA', 'Genome sequencing', 'GWAS', 'Hematopoiesis', 'High-dimensional data', 'Multi-phenotype analysis', 'Rare variant analysis', 'Genetic Risk', 'Genetic Risk Score', 'Precision Medicine', 'Risk Prediction', 'Type 2 Diabetes']"
7004697483,56813518300,2007,1,['']
7004697483,56813518300,2008,2,"['', 'Enzyme activity', 'Haplotype analysis', 'Pharmacogenetics', 'Thiopurine methyltransferase (TPMT)']"
7004697483,56813518300,2010,1,"['Amniocytes', 'Aneuploidy detection', 'APEX-2', 'CVS', 'Prenatal diagnosis', 'Trisomy 21']"
7004697483,56813518300,2011,1,"['Copy-number variations (CNV)', 'Mental retardation (MR)', 'SNP genotyping arrays', 'Uniparental disomy (UPD)']"
7004697483,56813518300,2014,1,"['Allele-specific expression', 'Imprinting', 'Placenta', 'Random monoallelic expression', 'RNA sequencing', 'Short read mapping']"
7004697483,56813518300,2015,6,"['', '', '', '', '', '']"
7004697483,56813518300,2016,4,"['genomic imprinting', 'ICR', ""Levene's test"", 'methylation', 'somatic tissues', '', '', '']"
7004697483,56813518300,2017,3,"['Basophils', 'CEBPA', 'Genome sequencing', 'GWAS', 'Hematopoiesis', 'Genetic Risk', 'Genetic Risk Score', 'Precision Medicine', 'Risk Prediction', 'Type 2 Diabetes', '']"
26648246800,57191987814,2016,1,['']
26648246800,7004697483,2010,1,"['Assumed similarity', 'NEO PI-R', 'Personality ratings', 'Restriction for range', 'Self-observer agreement', 'Visibility of traits']"
26648246800,7004697483,2011,4,"['Copy-number variations (CNV)', 'Mental retardation (MR)', 'SNP genotyping arrays', 'Uniparental disomy (UPD)', '', '', '']"
26648246800,7004697483,2012,6,"['Aging', 'Anxiety', 'Depressive symptoms', 'Genetics', 'IPIP personality', 'NEO personality', '', '', '', 'Behavioral Choices', 'Health Behaviors', 'Personality', 'Psychology', 'Sexually Transmitted Disease', 'Diet', 'Dietary patterns', 'Five-Factor Model', 'Openness', 'Personality']"
26648246800,7004697483,2013,1,"['Happiness and life-satisfaction', 'NEO PI-3', 'Personality ratings', 'Self-other agreement', 'Subjective well-being']"
26648246800,7004697483,2014,4,"['', '', 'CD', 'Gene Regulation', 'Mouse Model', 'UC', '']"
26648246800,7004697483,2015,10,"['', '', '', '', '', '', '', '', 'Five-Factor Model of personality', 'Neuroticism', 'Peptic ulcer disease', '']"
26648246800,7004697483,2016,9,"['', '', '', '', '', 'FFM personality traits', 'general self-rated health', 'health-related quality of life', 'objective health indicators', 'subjective well-being', '', 'Education', 'Genetics', 'Longevity', 'Polygenic score', 'Prediction', 'Gene expression', 'Genetic correlation', 'Sex-specific genetic architecture']"
26648246800,7004697483,2017,6,"['gene expression', 'genetic architecture', 'genetic association study', 'heritability', 'linear mixed models', 'Basophils', 'CEBPA', 'Genome sequencing', 'GWAS', 'Hematopoiesis', '', '', '', '']"
26648246800,56813518300,2011,1,"['Copy-number variations (CNV)', 'Mental retardation (MR)', 'SNP genotyping arrays', 'Uniparental disomy (UPD)']"
26648246800,56813518300,2015,3,"['', '', '']"
26648246800,56813518300,2013,1,"['Combinatorial traits', 'Continuous traits', 'Genome-wide analysis', 'GWAS', 'Linear regression', 'Metabolomics']"
26648246800,56813518300,2016,2,"['', '']"
26648246800,56813518300,2017,2,"['Basophils', 'CEBPA', 'Genome sequencing', 'GWAS', 'Hematopoiesis', '']"
57191987814,7004697483,2008,1,['']
57191987814,7004697483,2009,1,"['Haplotype diversity', 'Haplotypes', 'Linkage disequilibrium', 'Population history', 'SNPs']"
57191987814,7004697483,2015,2,"['', '']"
57191987814,7004697483,2017,1,"['Genetics', 'Inguinal hernia', 'Titin', 'Whole-exome sequencing']"
57191987814,7004697483,2016,2,"['', '']"
57191987814,56813518300,2008,1,['']
57191987814,56813518300,2015,2,"['', '']"
57191987814,56813518300,2016,2,"['', '']"
7004697483,56813518300,2007,1,['']
7004697483,56813518300,2008,2,"['', 'Enzyme activity', 'Haplotype analysis', 'Pharmacogenetics', 'Thiopurine methyltransferase (TPMT)']"
7004697483,56813518300,2010,1,"['Amniocytes', 'Aneuploidy detection', 'APEX-2', 'CVS', 'Prenatal diagnosis', 'Trisomy 21']"
7004697483,56813518300,2011,1,"['Copy-number variations (CNV)', 'Mental retardation (MR)', 'SNP genotyping arrays', 'Uniparental disomy (UPD)']"
7004697483,56813518300,2014,1,"['Allele-specific expression', 'Imprinting', 'Placenta', 'Random monoallelic expression', 'RNA sequencing', 'Short read mapping']"
7004697483,56813518300,2015,6,"['', '', '', '', '', '']"
7004697483,56813518300,2016,4,"['genomic imprinting', 'ICR', ""Levene's test"", 'methylation', 'somatic tissues', '', '', '']"
7004697483,56813518300,2017,3,"['Basophils', 'CEBPA', 'Genome sequencing', 'GWAS', 'Hematopoiesis', 'Genetic Risk', 'Genetic Risk Score', 'Precision Medicine', 'Risk Prediction', 'Type 2 Diabetes', '']"
26648246800,57191987814,2016,1,['']
26648246800,7004697483,2010,1,"['Assumed similarity', 'NEO PI-R', 'Personality ratings', 'Restriction for range', 'Self-observer agreement', 'Visibility of traits']"
26648246800,7004697483,2011,4,"['Copy-number variations (CNV)', 'Mental retardation (MR)', 'SNP genotyping arrays', 'Uniparental disomy (UPD)', '', '', '']"
26648246800,7004697483,2012,6,"['Aging', 'Anxiety', 'Depressive symptoms', 'Genetics', 'IPIP personality', 'NEO personality', '', '', '', 'Behavioral Choices', 'Health Behaviors', 'Personality', 'Psychology', 'Sexually Transmitted Disease', 'Diet', 'Dietary patterns', 'Five-Factor Model', 'Openness', 'Personality']"
26648246800,7004697483,2013,1,"['Happiness and life-satisfaction', 'NEO PI-3', 'Personality ratings', 'Self-other agreement', 'Subjective well-being']"
26648246800,7004697483,2014,4,"['', '', 'CD', 'Gene Regulation', 'Mouse Model', 'UC', '']"
26648246800,7004697483,2015,10,"['', '', '', '', '', '', '', '', 'Five-Factor Model of personality', 'Neuroticism', 'Peptic ulcer disease', '']"
26648246800,7004697483,2016,9,"['', '', '', '', '', 'FFM personality traits', 'general self-rated health', 'health-related quality of life', 'objective health indicators', 'subjective well-being', '', 'Education', 'Genetics', 'Longevity', 'Polygenic score', 'Prediction', 'Gene expression', 'Genetic correlation', 'Sex-specific genetic architecture']"
26648246800,7004697483,2017,6,"['gene expression', 'genetic architecture', 'genetic association study', 'heritability', 'linear mixed models', 'Basophils', 'CEBPA', 'Genome sequencing', 'GWAS', 'Hematopoiesis', '', '', '', '']"
26648246800,56813518300,2011,1,"['Copy-number variations (CNV)', 'Mental retardation (MR)', 'SNP genotyping arrays', 'Uniparental disomy (UPD)']"
26648246800,56813518300,2015,3,"['', '', '']"
26648246800,56813518300,2013,1,"['Combinatorial traits', 'Continuous traits', 'Genome-wide analysis', 'GWAS', 'Linear regression', 'Metabolomics']"
26648246800,56813518300,2016,2,"['', '']"
26648246800,56813518300,2017,2,"['Basophils', 'CEBPA', 'Genome sequencing', 'GWAS', 'Hematopoiesis', '']"
57191987814,7004697483,2008,1,['']
57191987814,7004697483,2009,1,"['Haplotype diversity', 'Haplotypes', 'Linkage disequilibrium', 'Population history', 'SNPs']"
57191987814,7004697483,2015,2,"['', '']"
57191987814,7004697483,2017,1,"['Genetics', 'Inguinal hernia', 'Titin', 'Whole-exome sequencing']"
57191987814,7004697483,2016,2,"['', '']"
57191987814,56813518300,2008,1,['']
57191987814,56813518300,2015,2,"['', '']"
57191987814,56813518300,2016,2,"['', '']"
7004697483,56813518300,2007,1,['']
7004697483,56813518300,2008,2,"['', 'Enzyme activity', 'Haplotype analysis', 'Pharmacogenetics', 'Thiopurine methyltransferase (TPMT)']"
7004697483,56813518300,2010,1,"['Amniocytes', 'Aneuploidy detection', 'APEX-2', 'CVS', 'Prenatal diagnosis', 'Trisomy 21']"
7004697483,56813518300,2011,1,"['Copy-number variations (CNV)', 'Mental retardation (MR)', 'SNP genotyping arrays', 'Uniparental disomy (UPD)']"
7004697483,56813518300,2014,1,"['Allele-specific expression', 'Imprinting', 'Placenta', 'Random monoallelic expression', 'RNA sequencing', 'Short read mapping']"
7004697483,56813518300,2015,6,"['', '', '', '', '', '']"
7004697483,56813518300,2016,4,"['genomic imprinting', 'ICR', ""Levene's test"", 'methylation', 'somatic tissues', '', '', '']"
7004697483,56813518300,2017,3,"['Basophils', 'CEBPA', 'Genome sequencing', 'GWAS', 'Hematopoiesis', 'Genetic Risk', 'Genetic Risk Score', 'Precision Medicine', 'Risk Prediction', 'Type 2 Diabetes', '']"
26648246800,56813518300,2011,1,"['Copy-number variations (CNV)', 'Mental retardation (MR)', 'SNP genotyping arrays', 'Uniparental disomy (UPD)']"
26648246800,56813518300,2015,3,"['', '', '']"
26648246800,56813518300,2013,1,"['Combinatorial traits', 'Continuous traits', 'Genome-wide analysis', 'GWAS', 'Linear regression', 'Metabolomics']"
26648246800,56813518300,2016,2,"['', '']"
26648246800,56813518300,2017,2,"['Basophils', 'CEBPA', 'Genome sequencing', 'GWAS', 'Hematopoiesis', '']"
26648246800,57191987814,2016,1,['']
26648246800,7403154309,2012,2,"['', '']"
26648246800,7403154309,2013,1,"['Combinatorial traits', 'Continuous traits', 'Genome-wide analysis', 'GWAS', 'Linear regression', 'Metabolomics']"
26648246800,7403154309,2015,1,['']
26648246800,7403154309,2016,2,"['', 'Education', 'Genetics', 'Longevity', 'Polygenic score', 'Prediction']"
26648246800,7403154309,2017,3,"['Basophils', 'CEBPA', 'Genome sequencing', 'GWAS', 'Hematopoiesis', '', '']"
26648246800,7004697483,2010,1,"['Assumed similarity', 'NEO PI-R', 'Personality ratings', 'Restriction for range', 'Self-observer agreement', 'Visibility of traits']"
26648246800,7004697483,2011,4,"['Copy-number variations (CNV)', 'Mental retardation (MR)', 'SNP genotyping arrays', 'Uniparental disomy (UPD)', '', '', '']"
26648246800,7004697483,2012,6,"['Aging', 'Anxiety', 'Depressive symptoms', 'Genetics', 'IPIP personality', 'NEO personality', '', '', '', 'Behavioral Choices', 'Health Behaviors', 'Personality', 'Psychology', 'Sexually Transmitted Disease', 'Diet', 'Dietary patterns', 'Five-Factor Model', 'Openness', 'Personality']"
26648246800,7004697483,2013,1,"['Happiness and life-satisfaction', 'NEO PI-3', 'Personality ratings', 'Self-other agreement', 'Subjective well-being']"
26648246800,7004697483,2014,4,"['', '', 'CD', 'Gene Regulation', 'Mouse Model', 'UC', '']"
26648246800,7004697483,2015,10,"['', '', '', '', '', '', '', '', 'Five-Factor Model of personality', 'Neuroticism', 'Peptic ulcer disease', '']"
26648246800,7004697483,2016,9,"['', '', '', '', '', 'FFM personality traits', 'general self-rated health', 'health-related quality of life', 'objective health indicators', 'subjective well-being', '', 'Education', 'Genetics', 'Longevity', 'Polygenic score', 'Prediction', 'Gene expression', 'Genetic correlation', 'Sex-specific genetic architecture']"
26648246800,7004697483,2017,6,"['gene expression', 'genetic architecture', 'genetic association study', 'heritability', 'linear mixed models', 'Basophils', 'CEBPA', 'Genome sequencing', 'GWAS', 'Hematopoiesis', '', '', '', '']"
26648246800,56813518300,2011,1,"['Copy-number variations (CNV)', 'Mental retardation (MR)', 'SNP genotyping arrays', 'Uniparental disomy (UPD)']"
26648246800,56813518300,2015,3,"['', '', '']"
26648246800,56813518300,2013,1,"['Combinatorial traits', 'Continuous traits', 'Genome-wide analysis', 'GWAS', 'Linear regression', 'Metabolomics']"
26648246800,56813518300,2016,2,"['', '']"
26648246800,56813518300,2017,2,"['Basophils', 'CEBPA', 'Genome sequencing', 'GWAS', 'Hematopoiesis', '']"
26648246800,56998409700,2014,1,['']
26648246800,56998409700,2015,4,"['', '', '', '']"
26648246800,56998409700,2016,1,['']
26648246800,56998409700,2017,3,"['Basophils', 'CEBPA', 'Genome sequencing', 'GWAS', 'Hematopoiesis', '', '']"
26648246800,56998409700,2018,1,"['Family history', 'genetic risk score', 'genome-wide association', 'GWAS', 'schizophrenia']"
57191987814,7004697483,2008,1,['']
57191987814,7004697483,2009,1,"['Haplotype diversity', 'Haplotypes', 'Linkage disequilibrium', 'Population history', 'SNPs']"
57191987814,7004697483,2015,2,"['', '']"
57191987814,7004697483,2017,1,"['Genetics', 'Inguinal hernia', 'Titin', 'Whole-exome sequencing']"
57191987814,7004697483,2016,2,"['', '']"
57191987814,56813518300,2008,1,['']
57191987814,56813518300,2015,2,"['', '']"
57191987814,56813518300,2016,2,"['', '']"
57191987814,56998409700,2017,1,"['Genetics', 'Inguinal hernia', 'Titin', 'Whole-exome sequencing']"
57191987814,56998409700,2016,1,['']
7403154309,7004697483,2011,1,['']
7403154309,7004697483,2012,1,['']
7403154309,7004697483,2014,2,"['Cardiovascular disease', 'Harmonization', 'Metabolic syndrome', 'Metabolically healthy', 'Obesity', '']"
7403154309,7004697483,2015,1,['']
7403154309,7004697483,2016,1,"['Education', 'Genetics', 'Longevity', 'Polygenic score', 'Prediction']"
7403154309,7004697483,2017,4,"['Basophils', 'CEBPA', 'Genome sequencing', 'GWAS', 'Hematopoiesis', '', 'Genetic Risk', 'Genetic Risk Score', 'Precision Medicine', 'Risk Prediction', 'Type 2 Diabetes', '']"
7403154309,56813518300,2013,1,"['Combinatorial traits', 'Continuous traits', 'Genome-wide analysis', 'GWAS', 'Linear regression', 'Metabolomics']"
7403154309,56813518300,2015,1,['']
7403154309,56813518300,2017,4,"['Correlation', 'Genome-wide association study', 'Meta-analysis', 'Multiple phenotypes', 'Multivariate analysis', 'Reverse regression', 'Basophils', 'CEBPA', 'Genome sequencing', 'GWAS', 'Hematopoiesis', 'High-dimensional data', 'Multi-phenotype analysis', 'Rare variant analysis', 'Genetic Risk', 'Genetic Risk Score', 'Precision Medicine', 'Risk Prediction', 'Type 2 Diabetes']"
7403154309,56998409700,2012,1,['']
7403154309,56998409700,2015,1,['']
7403154309,56998409700,2017,2,"['Basophils', 'CEBPA', 'Genome sequencing', 'GWAS', 'Hematopoiesis', '']"
7004697483,56813518300,2007,1,['']
7004697483,56813518300,2008,2,"['', 'Enzyme activity', 'Haplotype analysis', 'Pharmacogenetics', 'Thiopurine methyltransferase (TPMT)']"
7004697483,56813518300,2010,1,"['Amniocytes', 'Aneuploidy detection', 'APEX-2', 'CVS', 'Prenatal diagnosis', 'Trisomy 21']"
7004697483,56813518300,2011,1,"['Copy-number variations (CNV)', 'Mental retardation (MR)', 'SNP genotyping arrays', 'Uniparental disomy (UPD)']"
7004697483,56813518300,2014,1,"['Allele-specific expression', 'Imprinting', 'Placenta', 'Random monoallelic expression', 'RNA sequencing', 'Short read mapping']"
7004697483,56813518300,2015,6,"['', '', '', '', '', '']"
7004697483,56813518300,2016,4,"['genomic imprinting', 'ICR', ""Levene's test"", 'methylation', 'somatic tissues', '', '', '']"
7004697483,56813518300,2017,3,"['Basophils', 'CEBPA', 'Genome sequencing', 'GWAS', 'Hematopoiesis', 'Genetic Risk', 'Genetic Risk Score', 'Precision Medicine', 'Risk Prediction', 'Type 2 Diabetes', '']"
7004697483,56998409700,2012,1,['']
7004697483,56998409700,2013,1,"['craniosynostosis', 'dual specificity phosphatase 6', 'exome sequencing', 'genetic pleiotropy', 'maxillary deficiency', 'penetrance']"
7004697483,56998409700,2014,1,"['Allele-specific expression', 'Imprinting', 'Placenta', 'Random monoallelic expression', 'RNA sequencing', 'Short read mapping']"
7004697483,56998409700,2015,1,['']
7004697483,56998409700,2016,1,['']
7004697483,56998409700,2017,4,"['Basophils', 'CEBPA', 'Genome sequencing', 'GWAS', 'Hematopoiesis', '', '', '']"
56813518300,56998409700,2014,1,"['Allele-specific expression', 'Imprinting', 'Placenta', 'Random monoallelic expression', 'RNA sequencing', 'Short read mapping']"
56813518300,56998409700,2015,4,"['', '', '', '']"
56813518300,56998409700,2016,1,['']
56813518300,56998409700,2017,1,"['Basophils', 'CEBPA', 'Genome sequencing', 'GWAS', 'Hematopoiesis']"
56813518300,56998409700,2018,3,"['Alzheimer’s disease', 'cholesterol', 'lipid traits', 'population genetics', 'biobank participants', 'genotyping array', 'pharmacogenetics', 'pharmacogenomics', 'preemptive pharmacogenetic testing', '']"
22959108200,55948556100,2013,1,['']
22959108200,55948556100,2014,1,"['DC power supply', 'Emerging topology', 'Interleaved converters', 'Modulation strategy', 'Renewable energy systems']"
22959108200,55948556100,2015,2,"['Dc-ac converter', 'Impedance-source inverter', 'Inverter', 'Switched-boost inverter', 'Switched-inductor', 'current-fed', 'DC/DC converter', 'GaN HEMT', 'photovoltaic system', 'Si MOSFET', 'wide band gap semiconductor devices']"
22959108200,55948556100,2016,2,"['Energy production', 'Renewable energy sources', 'Renewable energy sources', 'Wind energy systems', 'Wind power', 'Wind power plants', 'Wind turbines', 'Wind turbines', 'A-source network', 'dc-ac power conversion', 'DC-DC power conversion', 'Impedance Source Network', 'Magnetically Coupled Impedance Source Network (MCIS)', 'Z-source network']"
22959108200,55948556100,2017,1,"['photovoltaic microconverter', 'quasi-Z-source converter', 'resonant converter', 'step-up DC-DC converter']"
22959108200,55948556100,2018,6,"['Boost half-bridge converter', 'DC-DC converter', 'Multi-mode control', 'Reconfigurable rectifier', 'Microconverter', 'PV', 'Reliability', 'Efficiency', 'Photovoltaic microconverter', 'Quasi-Z-source converter', 'Reconfigurable rectifier', 'Resonant converter', 'Capacitors', 'DC-DC power converters', 'efficiency', 'Inverters', 'Maximum power point trackers', 'maximum power point tracking', 'microinverter', 'module-level power electronics', 'partial shading', 'Photovoltaic systems', 'photovoltaic systems', 'power optimizer', 'Safety', 'Battery storage', 'DC microgrid', 'Fuel cell power systems', 'Photovoltaic systems', 'Power electronic building block', '']"
6508078649,6603309479,2009,1,['']
26648246800,57191987814,2016,1,['']
26648246800,7004697483,2010,1,"['Assumed similarity', 'NEO PI-R', 'Personality ratings', 'Restriction for range', 'Self-observer agreement', 'Visibility of traits']"
26648246800,7004697483,2011,4,"['Copy-number variations (CNV)', 'Mental retardation (MR)', 'SNP genotyping arrays', 'Uniparental disomy (UPD)', '', '', '']"
26648246800,7004697483,2012,6,"['Aging', 'Anxiety', 'Depressive symptoms', 'Genetics', 'IPIP personality', 'NEO personality', '', '', '', 'Behavioral Choices', 'Health Behaviors', 'Personality', 'Psychology', 'Sexually Transmitted Disease', 'Diet', 'Dietary patterns', 'Five-Factor Model', 'Openness', 'Personality']"
26648246800,7004697483,2013,1,"['Happiness and life-satisfaction', 'NEO PI-3', 'Personality ratings', 'Self-other agreement', 'Subjective well-being']"
26648246800,7004697483,2014,4,"['', '', 'CD', 'Gene Regulation', 'Mouse Model', 'UC', '']"
26648246800,7004697483,2015,10,"['', '', '', '', '', '', '', '', 'Five-Factor Model of personality', 'Neuroticism', 'Peptic ulcer disease', '']"
26648246800,7004697483,2016,9,"['', '', '', '', '', 'FFM personality traits', 'general self-rated health', 'health-related quality of life', 'objective health indicators', 'subjective well-being', '', 'Education', 'Genetics', 'Longevity', 'Polygenic score', 'Prediction', 'Gene expression', 'Genetic correlation', 'Sex-specific genetic architecture']"
26648246800,7004697483,2017,6,"['gene expression', 'genetic architecture', 'genetic association study', 'heritability', 'linear mixed models', 'Basophils', 'CEBPA', 'Genome sequencing', 'GWAS', 'Hematopoiesis', '', '', '', '']"
57191987814,7004697483,2008,1,['']
57191987814,7004697483,2009,1,"['Haplotype diversity', 'Haplotypes', 'Linkage disequilibrium', 'Population history', 'SNPs']"
57191987814,7004697483,2015,2,"['', '']"
57191987814,7004697483,2017,1,"['Genetics', 'Inguinal hernia', 'Titin', 'Whole-exome sequencing']"
57191987814,7004697483,2016,2,"['', '']"
7004056699,6701453955,2008,1,['']
7004056699,6701453955,2011,1,['']
7004056699,6701453955,2015,1,"['Atmospheric aerosols and air ions', 'Continuous observations', 'Forest ecosystem and atmosphere measurements', 'SMEAR station']"
7004056699,6701453955,2016,1,"['Aerosol dynamics', 'Atmospheric aerosols', 'Fitting to measurements', 'Nanoparticle evolution model', 'Numerical simulation']"
7004056699,11339750700,2007,1,['']
7004056699,11339750700,2008,2,"['', '']"
7004056699,6602607937,2007,2,"['', '']"
7004056699,6602607937,2008,1,['']
7004056699,6602607937,2010,1,['']
7004056699,6602607937,2011,1,['']
7004056699,6602607937,2015,1,"['Atmospheric aerosols and air ions', 'Continuous observations', 'Forest ecosystem and atmosphere measurements', 'SMEAR station']"
7004056699,6602607937,2016,2,"['Aerosol dynamics', 'Atmospheric aerosols', 'Fitting to measurements', 'Nanoparticle evolution model', 'Numerical simulation', '']"
7004056699,6602607937,2018,1,['']
7004056699,6602090843,2007,1,['']
7004056699,7004172687,2007,2,"['', '']"
7004056699,7004172687,2008,1,['']
7004056699,7004172687,2010,1,['']
7004056699,7004172687,2011,1,['']
7004056699,8663601100,2007,1,['']
7004056699,8663601100,2008,1,['']
7004056699,8663601100,2010,1,['']
7004056699,8663601100,2011,1,['']
7004056699,8663601100,2016,1,['']
7004056699,8663601100,2015,1,"['Atmospheric aerosols and air ions', 'Continuous observations', 'Forest ecosystem and atmosphere measurements', 'SMEAR station']"
6701453955,11339750700,2008,1,['']
6701453955,11339750700,2011,1,['']
6701453955,11339750700,2016,1,['']
6701453955,6602607937,2008,1,['']
6701453955,6602607937,2009,1,['']
6701453955,6602607937,2011,2,"['', '']"
6701453955,6602607937,2013,2,"['Aerosol-cloud interactions', 'Atmospheric electricity', ""Earth's electric field"", 'Lightning', 'Small ions', '']"
6701453955,6602607937,2014,1,"['Atmospheric intermediate ions', 'Ion-induced nucleation', 'Mobility distribution', 'Nanometer aerosol particles']"
6701453955,6602607937,2015,1,"['Atmospheric aerosols and air ions', 'Continuous observations', 'Forest ecosystem and atmosphere measurements', 'SMEAR station']"
6701453955,6602607937,2016,2,"['Aerosol dynamics', 'Atmospheric aerosols', 'Fitting to measurements', 'Nanoparticle evolution model', 'Numerical simulation', '']"
6701453955,6602090843,2016,1,['']
6701453955,7004172687,2011,2,"['', '']"
6701453955,8663601100,2011,2,"['', '']"
6701453955,8663601100,2013,1,"['Aerosol-cloud interactions', 'Atmospheric electricity', ""Earth's electric field"", 'Lightning', 'Small ions']"
6701453955,8663601100,2016,1,['']
6701453955,8663601100,2015,1,"['Atmospheric aerosols and air ions', 'Continuous observations', 'Forest ecosystem and atmosphere measurements', 'SMEAR station']"
11339750700,6602607937,2010,1,['']
11339750700,6602607937,2011,1,['']
11339750700,6602607937,2016,1,['']
11339750700,6602090843,2016,1,['']
11339750700,7004172687,2007,1,['']
11339750700,7004172687,2010,1,['']
11339750700,7004172687,2011,1,['']
11339750700,7004172687,2013,1,"['Boundary layer', 'Charged particles', 'New particle formation', 'PEGASOS Zeppelin']"
11339750700,8663601100,2010,1,['']
11339750700,8663601100,2011,1,['']
11339750700,8663601100,2013,1,"['Boundary layer', 'Charged particles', 'New particle formation', 'PEGASOS Zeppelin']"
11339750700,8663601100,2016,1,['']
6602607937,6602090843,2007,1,['']
6602607937,6602090843,2016,1,['']
6602607937,7004172687,2008,1,['']
6602607937,7004172687,2009,1,['']
6602607937,7004172687,2010,4,"['', '', '', '']"
6602607937,7004172687,2011,3,"['', '', '']"
6602607937,8663601100,2008,1,['']
6602607937,8663601100,2009,1,['']
6602607937,8663601100,2010,4,"['', '', '', '']"
6602607937,8663601100,2011,4,"['', '', '', '']"
6602607937,8663601100,2013,1,"['Aerosol-cloud interactions', 'Atmospheric electricity', ""Earth's electric field"", 'Lightning', 'Small ions']"
6602607937,8663601100,2016,2,"['', '']"
6602607937,8663601100,2015,1,"['Atmospheric aerosols and air ions', 'Continuous observations', 'Forest ecosystem and atmosphere measurements', 'SMEAR station']"
6602090843,8663601100,2016,1,['']
7004172687,8663601100,2007,1,['']
7004172687,8663601100,2008,1,['']
7004172687,8663601100,2009,2,"['', '']"
7004172687,8663601100,2010,4,"['', '', '', '']"
7004172687,8663601100,2011,1,['']
7004172687,8663601100,2012,1,['']
7004172687,8663601100,2013,2,"['Boundary layer', 'Charged particles', 'New particle formation', 'PEGASOS Zeppelin', '']"
7004172687,8663601100,2016,1,['']
6603777717,7101868281,2010,1,"['Antioxidant protection', 'Early development', 'Growth', 'Hatching asynchrony', 'Phytohaemagglutinin', 'Sibling competition', 'Trade-off', 'Uric acid']"
6603777717,7101868281,2015,1,"['Fecal glucocorticoids', 'Fecal testosterone', 'Helminths', 'Immigrants', 'Male rank', 'Nematodes']"
26648246800,57191987814,2016,1,['']
26648246800,7403154309,2012,2,"['', '']"
26648246800,7403154309,2013,1,"['Combinatorial traits', 'Continuous traits', 'Genome-wide analysis', 'GWAS', 'Linear regression', 'Metabolomics']"
26648246800,7403154309,2015,1,['']
26648246800,7403154309,2016,2,"['', 'Education', 'Genetics', 'Longevity', 'Polygenic score', 'Prediction']"
26648246800,7403154309,2017,3,"['Basophils', 'CEBPA', 'Genome sequencing', 'GWAS', 'Hematopoiesis', '', '']"
26648246800,7004697483,2010,1,"['Assumed similarity', 'NEO PI-R', 'Personality ratings', 'Restriction for range', 'Self-observer agreement', 'Visibility of traits']"
26648246800,7004697483,2011,4,"['Copy-number variations (CNV)', 'Mental retardation (MR)', 'SNP genotyping arrays', 'Uniparental disomy (UPD)', '', '', '']"
26648246800,7004697483,2012,6,"['Aging', 'Anxiety', 'Depressive symptoms', 'Genetics', 'IPIP personality', 'NEO personality', '', '', '', 'Behavioral Choices', 'Health Behaviors', 'Personality', 'Psychology', 'Sexually Transmitted Disease', 'Diet', 'Dietary patterns', 'Five-Factor Model', 'Openness', 'Personality']"
26648246800,7004697483,2013,1,"['Happiness and life-satisfaction', 'NEO PI-3', 'Personality ratings', 'Self-other agreement', 'Subjective well-being']"
26648246800,7004697483,2014,4,"['', '', 'CD', 'Gene Regulation', 'Mouse Model', 'UC', '']"
26648246800,7004697483,2015,10,"['', '', '', '', '', '', '', '', 'Five-Factor Model of personality', 'Neuroticism', 'Peptic ulcer disease', '']"
26648246800,7004697483,2016,9,"['', '', '', '', '', 'FFM personality traits', 'general self-rated health', 'health-related quality of life', 'objective health indicators', 'subjective well-being', '', 'Education', 'Genetics', 'Longevity', 'Polygenic score', 'Prediction', 'Gene expression', 'Genetic correlation', 'Sex-specific genetic architecture']"
26648246800,7004697483,2017,6,"['gene expression', 'genetic architecture', 'genetic association study', 'heritability', 'linear mixed models', 'Basophils', 'CEBPA', 'Genome sequencing', 'GWAS', 'Hematopoiesis', '', '', '', '']"
26648246800,56813518300,2011,1,"['Copy-number variations (CNV)', 'Mental retardation (MR)', 'SNP genotyping arrays', 'Uniparental disomy (UPD)']"
26648246800,56813518300,2015,3,"['', '', '']"
26648246800,56813518300,2013,1,"['Combinatorial traits', 'Continuous traits', 'Genome-wide analysis', 'GWAS', 'Linear regression', 'Metabolomics']"
26648246800,56813518300,2016,2,"['', '']"
26648246800,56813518300,2017,2,"['Basophils', 'CEBPA', 'Genome sequencing', 'GWAS', 'Hematopoiesis', '']"
26648246800,56998409700,2014,1,['']
26648246800,56998409700,2015,4,"['', '', '', '']"
26648246800,56998409700,2016,1,['']
26648246800,56998409700,2017,3,"['Basophils', 'CEBPA', 'Genome sequencing', 'GWAS', 'Hematopoiesis', '', '']"
26648246800,56998409700,2018,1,"['Family history', 'genetic risk score', 'genome-wide association', 'GWAS', 'schizophrenia']"
57191987814,7004697483,2008,1,['']
57191987814,7004697483,2009,1,"['Haplotype diversity', 'Haplotypes', 'Linkage disequilibrium', 'Population history', 'SNPs']"
57191987814,7004697483,2015,2,"['', '']"
57191987814,7004697483,2017,1,"['Genetics', 'Inguinal hernia', 'Titin', 'Whole-exome sequencing']"
57191987814,7004697483,2016,2,"['', '']"
57191987814,56813518300,2008,1,['']
57191987814,56813518300,2015,2,"['', '']"
57191987814,56813518300,2016,2,"['', '']"
57191987814,56998409700,2017,1,"['Genetics', 'Inguinal hernia', 'Titin', 'Whole-exome sequencing']"
57191987814,56998409700,2016,1,['']
7403154309,7004697483,2011,1,['']
7403154309,7004697483,2012,1,['']
7403154309,7004697483,2014,2,"['Cardiovascular disease', 'Harmonization', 'Metabolic syndrome', 'Metabolically healthy', 'Obesity', '']"
7403154309,7004697483,2015,1,['']
7403154309,7004697483,2016,1,"['Education', 'Genetics', 'Longevity', 'Polygenic score', 'Prediction']"
7403154309,7004697483,2017,4,"['Basophils', 'CEBPA', 'Genome sequencing', 'GWAS', 'Hematopoiesis', '', 'Genetic Risk', 'Genetic Risk Score', 'Precision Medicine', 'Risk Prediction', 'Type 2 Diabetes', '']"
7403154309,56813518300,2013,1,"['Combinatorial traits', 'Continuous traits', 'Genome-wide analysis', 'GWAS', 'Linear regression', 'Metabolomics']"
7403154309,56813518300,2015,1,['']
7403154309,56813518300,2017,4,"['Correlation', 'Genome-wide association study', 'Meta-analysis', 'Multiple phenotypes', 'Multivariate analysis', 'Reverse regression', 'Basophils', 'CEBPA', 'Genome sequencing', 'GWAS', 'Hematopoiesis', 'High-dimensional data', 'Multi-phenotype analysis', 'Rare variant analysis', 'Genetic Risk', 'Genetic Risk Score', 'Precision Medicine', 'Risk Prediction', 'Type 2 Diabetes']"
7403154309,56998409700,2012,1,['']
7403154309,56998409700,2015,1,['']
7403154309,56998409700,2017,2,"['Basophils', 'CEBPA', 'Genome sequencing', 'GWAS', 'Hematopoiesis', '']"
7004697483,56813518300,2007,1,['']
7004697483,56813518300,2008,2,"['', 'Enzyme activity', 'Haplotype analysis', 'Pharmacogenetics', 'Thiopurine methyltransferase (TPMT)']"
7004697483,56813518300,2010,1,"['Amniocytes', 'Aneuploidy detection', 'APEX-2', 'CVS', 'Prenatal diagnosis', 'Trisomy 21']"
7004697483,56813518300,2011,1,"['Copy-number variations (CNV)', 'Mental retardation (MR)', 'SNP genotyping arrays', 'Uniparental disomy (UPD)']"
7004697483,56813518300,2014,1,"['Allele-specific expression', 'Imprinting', 'Placenta', 'Random monoallelic expression', 'RNA sequencing', 'Short read mapping']"
7004697483,56813518300,2015,6,"['', '', '', '', '', '']"
7004697483,56813518300,2016,4,"['genomic imprinting', 'ICR', ""Levene's test"", 'methylation', 'somatic tissues', '', '', '']"
7004697483,56813518300,2017,3,"['Basophils', 'CEBPA', 'Genome sequencing', 'GWAS', 'Hematopoiesis', 'Genetic Risk', 'Genetic Risk Score', 'Precision Medicine', 'Risk Prediction', 'Type 2 Diabetes', '']"
7004697483,56998409700,2012,1,['']
7004697483,56998409700,2013,1,"['craniosynostosis', 'dual specificity phosphatase 6', 'exome sequencing', 'genetic pleiotropy', 'maxillary deficiency', 'penetrance']"
7004697483,56998409700,2014,1,"['Allele-specific expression', 'Imprinting', 'Placenta', 'Random monoallelic expression', 'RNA sequencing', 'Short read mapping']"
7004697483,56998409700,2015,1,['']
7004697483,56998409700,2016,1,['']
7004697483,56998409700,2017,4,"['Basophils', 'CEBPA', 'Genome sequencing', 'GWAS', 'Hematopoiesis', '', '', '']"
56813518300,56998409700,2014,1,"['Allele-specific expression', 'Imprinting', 'Placenta', 'Random monoallelic expression', 'RNA sequencing', 'Short read mapping']"
56813518300,56998409700,2015,4,"['', '', '', '']"
56813518300,56998409700,2016,1,['']
56813518300,56998409700,2017,1,"['Basophils', 'CEBPA', 'Genome sequencing', 'GWAS', 'Hematopoiesis']"
56813518300,56998409700,2018,3,"['Alzheimer’s disease', 'cholesterol', 'lipid traits', 'population genetics', 'biobank participants', 'genotyping array', 'pharmacogenetics', 'pharmacogenomics', 'preemptive pharmacogenetic testing', '']"
26648246800,7004697483,2010,1,"['Assumed similarity', 'NEO PI-R', 'Personality ratings', 'Restriction for range', 'Self-observer agreement', 'Visibility of traits']"
26648246800,7004697483,2011,4,"['Copy-number variations (CNV)', 'Mental retardation (MR)', 'SNP genotyping arrays', 'Uniparental disomy (UPD)', '', '', '']"
26648246800,7004697483,2012,6,"['Aging', 'Anxiety', 'Depressive symptoms', 'Genetics', 'IPIP personality', 'NEO personality', '', '', '', 'Behavioral Choices', 'Health Behaviors', 'Personality', 'Psychology', 'Sexually Transmitted Disease', 'Diet', 'Dietary patterns', 'Five-Factor Model', 'Openness', 'Personality']"
26648246800,7004697483,2013,1,"['Happiness and life-satisfaction', 'NEO PI-3', 'Personality ratings', 'Self-other agreement', 'Subjective well-being']"
26648246800,7004697483,2014,4,"['', '', 'CD', 'Gene Regulation', 'Mouse Model', 'UC', '']"
26648246800,7004697483,2015,10,"['', '', '', '', '', '', '', '', 'Five-Factor Model of personality', 'Neuroticism', 'Peptic ulcer disease', '']"
26648246800,7004697483,2016,9,"['', '', '', '', '', 'FFM personality traits', 'general self-rated health', 'health-related quality of life', 'objective health indicators', 'subjective well-being', '', 'Education', 'Genetics', 'Longevity', 'Polygenic score', 'Prediction', 'Gene expression', 'Genetic correlation', 'Sex-specific genetic architecture']"
26648246800,7004697483,2017,6,"['gene expression', 'genetic architecture', 'genetic association study', 'heritability', 'linear mixed models', 'Basophils', 'CEBPA', 'Genome sequencing', 'GWAS', 'Hematopoiesis', '', '', '', '']"
26648246800,7004697483,2010,1,"['Assumed similarity', 'NEO PI-R', 'Personality ratings', 'Restriction for range', 'Self-observer agreement', 'Visibility of traits']"
26648246800,7004697483,2011,4,"['Copy-number variations (CNV)', 'Mental retardation (MR)', 'SNP genotyping arrays', 'Uniparental disomy (UPD)', '', '', '']"
26648246800,7004697483,2012,6,"['Aging', 'Anxiety', 'Depressive symptoms', 'Genetics', 'IPIP personality', 'NEO personality', '', '', '', 'Behavioral Choices', 'Health Behaviors', 'Personality', 'Psychology', 'Sexually Transmitted Disease', 'Diet', 'Dietary patterns', 'Five-Factor Model', 'Openness', 'Personality']"
26648246800,7004697483,2013,1,"['Happiness and life-satisfaction', 'NEO PI-3', 'Personality ratings', 'Self-other agreement', 'Subjective well-being']"
26648246800,7004697483,2014,4,"['', '', 'CD', 'Gene Regulation', 'Mouse Model', 'UC', '']"
26648246800,7004697483,2015,10,"['', '', '', '', '', '', '', '', 'Five-Factor Model of personality', 'Neuroticism', 'Peptic ulcer disease', '']"
26648246800,7004697483,2016,9,"['', '', '', '', '', 'FFM personality traits', 'general self-rated health', 'health-related quality of life', 'objective health indicators', 'subjective well-being', '', 'Education', 'Genetics', 'Longevity', 'Polygenic score', 'Prediction', 'Gene expression', 'Genetic correlation', 'Sex-specific genetic architecture']"
26648246800,7004697483,2017,6,"['gene expression', 'genetic architecture', 'genetic association study', 'heritability', 'linear mixed models', 'Basophils', 'CEBPA', 'Genome sequencing', 'GWAS', 'Hematopoiesis', '', '', '', '']"
26648246800,7004697483,2010,1,"['Assumed similarity', 'NEO PI-R', 'Personality ratings', 'Restriction for range', 'Self-observer agreement', 'Visibility of traits']"
26648246800,7004697483,2011,4,"['Copy-number variations (CNV)', 'Mental retardation (MR)', 'SNP genotyping arrays', 'Uniparental disomy (UPD)', '', '', '']"
26648246800,7004697483,2012,6,"['Aging', 'Anxiety', 'Depressive symptoms', 'Genetics', 'IPIP personality', 'NEO personality', '', '', '', 'Behavioral Choices', 'Health Behaviors', 'Personality', 'Psychology', 'Sexually Transmitted Disease', 'Diet', 'Dietary patterns', 'Five-Factor Model', 'Openness', 'Personality']"
26648246800,7004697483,2013,1,"['Happiness and life-satisfaction', 'NEO PI-3', 'Personality ratings', 'Self-other agreement', 'Subjective well-being']"
26648246800,7004697483,2014,4,"['', '', 'CD', 'Gene Regulation', 'Mouse Model', 'UC', '']"
26648246800,7004697483,2015,10,"['', '', '', '', '', '', '', '', 'Five-Factor Model of personality', 'Neuroticism', 'Peptic ulcer disease', '']"
26648246800,7004697483,2016,9,"['', '', '', '', '', 'FFM personality traits', 'general self-rated health', 'health-related quality of life', 'objective health indicators', 'subjective well-being', '', 'Education', 'Genetics', 'Longevity', 'Polygenic score', 'Prediction', 'Gene expression', 'Genetic correlation', 'Sex-specific genetic architecture']"
26648246800,7004697483,2017,6,"['gene expression', 'genetic architecture', 'genetic association study', 'heritability', 'linear mixed models', 'Basophils', 'CEBPA', 'Genome sequencing', 'GWAS', 'Hematopoiesis', '', '', '', '']"
26648246800,56813518300,2011,1,"['Copy-number variations (CNV)', 'Mental retardation (MR)', 'SNP genotyping arrays', 'Uniparental disomy (UPD)']"
26648246800,56813518300,2015,3,"['', '', '']"
26648246800,56813518300,2013,1,"['Combinatorial traits', 'Continuous traits', 'Genome-wide analysis', 'GWAS', 'Linear regression', 'Metabolomics']"
26648246800,56813518300,2016,2,"['', '']"
26648246800,56813518300,2017,2,"['Basophils', 'CEBPA', 'Genome sequencing', 'GWAS', 'Hematopoiesis', '']"
7004697483,56813518300,2007,1,['']
7004697483,56813518300,2008,2,"['', 'Enzyme activity', 'Haplotype analysis', 'Pharmacogenetics', 'Thiopurine methyltransferase (TPMT)']"
7004697483,56813518300,2010,1,"['Amniocytes', 'Aneuploidy detection', 'APEX-2', 'CVS', 'Prenatal diagnosis', 'Trisomy 21']"
7004697483,56813518300,2011,1,"['Copy-number variations (CNV)', 'Mental retardation (MR)', 'SNP genotyping arrays', 'Uniparental disomy (UPD)']"
7004697483,56813518300,2014,1,"['Allele-specific expression', 'Imprinting', 'Placenta', 'Random monoallelic expression', 'RNA sequencing', 'Short read mapping']"
7004697483,56813518300,2015,6,"['', '', '', '', '', '']"
7004697483,56813518300,2016,4,"['genomic imprinting', 'ICR', ""Levene's test"", 'methylation', 'somatic tissues', '', '', '']"
7004697483,56813518300,2017,3,"['Basophils', 'CEBPA', 'Genome sequencing', 'GWAS', 'Hematopoiesis', 'Genetic Risk', 'Genetic Risk Score', 'Precision Medicine', 'Risk Prediction', 'Type 2 Diabetes', '']"
26648246800,7004697483,2010,1,"['Assumed similarity', 'NEO PI-R', 'Personality ratings', 'Restriction for range', 'Self-observer agreement', 'Visibility of traits']"
26648246800,7004697483,2011,4,"['Copy-number variations (CNV)', 'Mental retardation (MR)', 'SNP genotyping arrays', 'Uniparental disomy (UPD)', '', '', '']"
26648246800,7004697483,2012,6,"['Aging', 'Anxiety', 'Depressive symptoms', 'Genetics', 'IPIP personality', 'NEO personality', '', '', '', 'Behavioral Choices', 'Health Behaviors', 'Personality', 'Psychology', 'Sexually Transmitted Disease', 'Diet', 'Dietary patterns', 'Five-Factor Model', 'Openness', 'Personality']"
26648246800,7004697483,2013,1,"['Happiness and life-satisfaction', 'NEO PI-3', 'Personality ratings', 'Self-other agreement', 'Subjective well-being']"
26648246800,7004697483,2014,4,"['', '', 'CD', 'Gene Regulation', 'Mouse Model', 'UC', '']"
26648246800,7004697483,2015,10,"['', '', '', '', '', '', '', '', 'Five-Factor Model of personality', 'Neuroticism', 'Peptic ulcer disease', '']"
26648246800,7004697483,2016,9,"['', '', '', '', '', 'FFM personality traits', 'general self-rated health', 'health-related quality of life', 'objective health indicators', 'subjective well-being', '', 'Education', 'Genetics', 'Longevity', 'Polygenic score', 'Prediction', 'Gene expression', 'Genetic correlation', 'Sex-specific genetic architecture']"
26648246800,7004697483,2017,6,"['gene expression', 'genetic architecture', 'genetic association study', 'heritability', 'linear mixed models', 'Basophils', 'CEBPA', 'Genome sequencing', 'GWAS', 'Hematopoiesis', '', '', '', '']"
26648246800,7004697483,2010,1,"['Assumed similarity', 'NEO PI-R', 'Personality ratings', 'Restriction for range', 'Self-observer agreement', 'Visibility of traits']"
26648246800,7004697483,2011,4,"['Copy-number variations (CNV)', 'Mental retardation (MR)', 'SNP genotyping arrays', 'Uniparental disomy (UPD)', '', '', '']"
26648246800,7004697483,2012,6,"['Aging', 'Anxiety', 'Depressive symptoms', 'Genetics', 'IPIP personality', 'NEO personality', '', '', '', 'Behavioral Choices', 'Health Behaviors', 'Personality', 'Psychology', 'Sexually Transmitted Disease', 'Diet', 'Dietary patterns', 'Five-Factor Model', 'Openness', 'Personality']"
26648246800,7004697483,2013,1,"['Happiness and life-satisfaction', 'NEO PI-3', 'Personality ratings', 'Self-other agreement', 'Subjective well-being']"
26648246800,7004697483,2014,4,"['', '', 'CD', 'Gene Regulation', 'Mouse Model', 'UC', '']"
26648246800,7004697483,2015,10,"['', '', '', '', '', '', '', '', 'Five-Factor Model of personality', 'Neuroticism', 'Peptic ulcer disease', '']"
26648246800,7004697483,2016,9,"['', '', '', '', '', 'FFM personality traits', 'general self-rated health', 'health-related quality of life', 'objective health indicators', 'subjective well-being', '', 'Education', 'Genetics', 'Longevity', 'Polygenic score', 'Prediction', 'Gene expression', 'Genetic correlation', 'Sex-specific genetic architecture']"
26648246800,7004697483,2017,6,"['gene expression', 'genetic architecture', 'genetic association study', 'heritability', 'linear mixed models', 'Basophils', 'CEBPA', 'Genome sequencing', 'GWAS', 'Hematopoiesis', '', '', '', '']"
26648246800,56813518300,2011,1,"['Copy-number variations (CNV)', 'Mental retardation (MR)', 'SNP genotyping arrays', 'Uniparental disomy (UPD)']"
26648246800,56813518300,2015,3,"['', '', '']"
26648246800,56813518300,2013,1,"['Combinatorial traits', 'Continuous traits', 'Genome-wide analysis', 'GWAS', 'Linear regression', 'Metabolomics']"
26648246800,56813518300,2016,2,"['', '']"
26648246800,56813518300,2017,2,"['Basophils', 'CEBPA', 'Genome sequencing', 'GWAS', 'Hematopoiesis', '']"
7004697483,56813518300,2007,1,['']
7004697483,56813518300,2008,2,"['', 'Enzyme activity', 'Haplotype analysis', 'Pharmacogenetics', 'Thiopurine methyltransferase (TPMT)']"
7004697483,56813518300,2010,1,"['Amniocytes', 'Aneuploidy detection', 'APEX-2', 'CVS', 'Prenatal diagnosis', 'Trisomy 21']"
7004697483,56813518300,2011,1,"['Copy-number variations (CNV)', 'Mental retardation (MR)', 'SNP genotyping arrays', 'Uniparental disomy (UPD)']"
7004697483,56813518300,2014,1,"['Allele-specific expression', 'Imprinting', 'Placenta', 'Random monoallelic expression', 'RNA sequencing', 'Short read mapping']"
7004697483,56813518300,2015,6,"['', '', '', '', '', '']"
7004697483,56813518300,2016,4,"['genomic imprinting', 'ICR', ""Levene's test"", 'methylation', 'somatic tissues', '', '', '']"
7004697483,56813518300,2017,3,"['Basophils', 'CEBPA', 'Genome sequencing', 'GWAS', 'Hematopoiesis', 'Genetic Risk', 'Genetic Risk Score', 'Precision Medicine', 'Risk Prediction', 'Type 2 Diabetes', '']"
26648246800,7403154309,2012,2,"['', '']"
26648246800,7403154309,2013,1,"['Combinatorial traits', 'Continuous traits', 'Genome-wide analysis', 'GWAS', 'Linear regression', 'Metabolomics']"
26648246800,7403154309,2015,1,['']
26648246800,7403154309,2016,2,"['', 'Education', 'Genetics', 'Longevity', 'Polygenic score', 'Prediction']"
26648246800,7403154309,2017,3,"['Basophils', 'CEBPA', 'Genome sequencing', 'GWAS', 'Hematopoiesis', '', '']"
26648246800,7004697483,2010,1,"['Assumed similarity', 'NEO PI-R', 'Personality ratings', 'Restriction for range', 'Self-observer agreement', 'Visibility of traits']"
26648246800,7004697483,2011,4,"['Copy-number variations (CNV)', 'Mental retardation (MR)', 'SNP genotyping arrays', 'Uniparental disomy (UPD)', '', '', '']"
26648246800,7004697483,2012,6,"['Aging', 'Anxiety', 'Depressive symptoms', 'Genetics', 'IPIP personality', 'NEO personality', '', '', '', 'Behavioral Choices', 'Health Behaviors', 'Personality', 'Psychology', 'Sexually Transmitted Disease', 'Diet', 'Dietary patterns', 'Five-Factor Model', 'Openness', 'Personality']"
26648246800,7004697483,2013,1,"['Happiness and life-satisfaction', 'NEO PI-3', 'Personality ratings', 'Self-other agreement', 'Subjective well-being']"
26648246800,7004697483,2014,4,"['', '', 'CD', 'Gene Regulation', 'Mouse Model', 'UC', '']"
26648246800,7004697483,2015,10,"['', '', '', '', '', '', '', '', 'Five-Factor Model of personality', 'Neuroticism', 'Peptic ulcer disease', '']"
26648246800,7004697483,2016,9,"['', '', '', '', '', 'FFM personality traits', 'general self-rated health', 'health-related quality of life', 'objective health indicators', 'subjective well-being', '', 'Education', 'Genetics', 'Longevity', 'Polygenic score', 'Prediction', 'Gene expression', 'Genetic correlation', 'Sex-specific genetic architecture']"
26648246800,7004697483,2017,6,"['gene expression', 'genetic architecture', 'genetic association study', 'heritability', 'linear mixed models', 'Basophils', 'CEBPA', 'Genome sequencing', 'GWAS', 'Hematopoiesis', '', '', '', '']"
7403154309,7004697483,2011,1,['']
7403154309,7004697483,2012,1,['']
7403154309,7004697483,2014,2,"['Cardiovascular disease', 'Harmonization', 'Metabolic syndrome', 'Metabolically healthy', 'Obesity', '']"
7403154309,7004697483,2015,1,['']
7403154309,7004697483,2016,1,"['Education', 'Genetics', 'Longevity', 'Polygenic score', 'Prediction']"
7403154309,7004697483,2017,4,"['Basophils', 'CEBPA', 'Genome sequencing', 'GWAS', 'Hematopoiesis', '', 'Genetic Risk', 'Genetic Risk Score', 'Precision Medicine', 'Risk Prediction', 'Type 2 Diabetes', '']"
26648246800,7004697483,2010,1,"['Assumed similarity', 'NEO PI-R', 'Personality ratings', 'Restriction for range', 'Self-observer agreement', 'Visibility of traits']"
26648246800,7004697483,2011,4,"['Copy-number variations (CNV)', 'Mental retardation (MR)', 'SNP genotyping arrays', 'Uniparental disomy (UPD)', '', '', '']"
26648246800,7004697483,2012,6,"['Aging', 'Anxiety', 'Depressive symptoms', 'Genetics', 'IPIP personality', 'NEO personality', '', '', '', 'Behavioral Choices', 'Health Behaviors', 'Personality', 'Psychology', 'Sexually Transmitted Disease', 'Diet', 'Dietary patterns', 'Five-Factor Model', 'Openness', 'Personality']"
26648246800,7004697483,2013,1,"['Happiness and life-satisfaction', 'NEO PI-3', 'Personality ratings', 'Self-other agreement', 'Subjective well-being']"
26648246800,7004697483,2014,4,"['', '', 'CD', 'Gene Regulation', 'Mouse Model', 'UC', '']"
26648246800,7004697483,2015,10,"['', '', '', '', '', '', '', '', 'Five-Factor Model of personality', 'Neuroticism', 'Peptic ulcer disease', '']"
26648246800,7004697483,2016,9,"['', '', '', '', '', 'FFM personality traits', 'general self-rated health', 'health-related quality of life', 'objective health indicators', 'subjective well-being', '', 'Education', 'Genetics', 'Longevity', 'Polygenic score', 'Prediction', 'Gene expression', 'Genetic correlation', 'Sex-specific genetic architecture']"
26648246800,7004697483,2017,6,"['gene expression', 'genetic architecture', 'genetic association study', 'heritability', 'linear mixed models', 'Basophils', 'CEBPA', 'Genome sequencing', 'GWAS', 'Hematopoiesis', '', '', '', '']"
26648246800,56813518300,2011,1,"['Copy-number variations (CNV)', 'Mental retardation (MR)', 'SNP genotyping arrays', 'Uniparental disomy (UPD)']"
26648246800,56813518300,2015,3,"['', '', '']"
26648246800,56813518300,2013,1,"['Combinatorial traits', 'Continuous traits', 'Genome-wide analysis', 'GWAS', 'Linear regression', 'Metabolomics']"
26648246800,56813518300,2016,2,"['', '']"
26648246800,56813518300,2017,2,"['Basophils', 'CEBPA', 'Genome sequencing', 'GWAS', 'Hematopoiesis', '']"
7004697483,56813518300,2007,1,['']
7004697483,56813518300,2008,2,"['', 'Enzyme activity', 'Haplotype analysis', 'Pharmacogenetics', 'Thiopurine methyltransferase (TPMT)']"
7004697483,56813518300,2010,1,"['Amniocytes', 'Aneuploidy detection', 'APEX-2', 'CVS', 'Prenatal diagnosis', 'Trisomy 21']"
7004697483,56813518300,2011,1,"['Copy-number variations (CNV)', 'Mental retardation (MR)', 'SNP genotyping arrays', 'Uniparental disomy (UPD)']"
7004697483,56813518300,2014,1,"['Allele-specific expression', 'Imprinting', 'Placenta', 'Random monoallelic expression', 'RNA sequencing', 'Short read mapping']"
7004697483,56813518300,2015,6,"['', '', '', '', '', '']"
7004697483,56813518300,2016,4,"['genomic imprinting', 'ICR', ""Levene's test"", 'methylation', 'somatic tissues', '', '', '']"
7004697483,56813518300,2017,3,"['Basophils', 'CEBPA', 'Genome sequencing', 'GWAS', 'Hematopoiesis', 'Genetic Risk', 'Genetic Risk Score', 'Precision Medicine', 'Risk Prediction', 'Type 2 Diabetes', '']"
7004123761,36730382500,2008,1,['']
56216534600,8939911300,2007,2,"['', '']"
56216534600,8939911300,2008,2,"['Luminescence', 'Optical properties', '']"
56216534600,8939911300,2009,1,"['Photoluminescence', 'Rare earths', 'Sintering', 'Sol-gel method', 'Titanium dioxide']"
56216534600,8939911300,2010,5,"['Ab initio calculations', 'Electronic structure', 'Optical properties', 'Rare earth ions', 'TiO 2', 'Annealing', 'Doping', 'Metal oxides', 'Nanocrystals', 'Plasmas', 'Sol-gel method', 'Rare earth fluorescence', 'Silver nanoparticles', 'Titanium dioxide', '', '']"
56216534600,8939911300,2011,6,"['Crystal-field splitting', 'Crystal-field strength', 'Eu :SnO 3+ 2', 'J-mixing', 'TiO 2', 'Rare earth fluorescence', 'Silver nanoparticles', 'Titanium dioxide', '', 'Ab initio calculations', 'Crystal field', 'Electronic structure', 'Pressure effects', 'Rare earth ions', 'Photoluminescence', 'Rare earths', 'Sintering', 'SnO 2', 'Sol-gel method', 'Ceramics', 'Photoluminescence spectroscopy', 'Sintering', 'Sol-gel growth']"
56216534600,8939911300,2012,3,"['', '', '']"
56216534600,8939911300,2013,1,['']
56216534600,8939911300,2014,4,"['Europium', 'Microtubes', 'Photoluminescence', 'sol-gel', 'Time-resolved spectroscopy', 'YSZ', 'Metal-enhanced fluorescence', 'Plasmonics', 'Rare-earth fluorescence', 'Silica-gold core-shell nanoparticles', 'Gas sensor', 'Low temperature', 'Optical', 'Oxygen', 'Photoluminescence', 'Rare earth ions', 'Surface chemistry', 'Tio2', 'afterglow', 'electron traps', 'photoluminescence', 'thermoluminescence', 'zirconium dioxide']"
56216534600,8939911300,2015,1,"['Angular dependence', 'Fluorescence', 'Photobleaching', 'Photonic crystal', 'Refractive index', 'Stop band', 'Synthetic opal']"
56216534600,8939911300,2016,3,"['-OH quenchers', 'Energy migration', 'Energy transfer kinetics', 'Fluctuation kinetics', 'Nd :KYF nanoparticles 3+ 4', 'Adenine', 'Chemical enhancement', 'Graphene', 'Raman scattering', '']"
56216534600,8939911300,2017,2,"['Optical defect', 'Optical thermometry', 'Synthetic diamond', '']"
56216534600,7004747071,2008,1,"['Borates', 'Optical materials']"
56216534600,7004747071,2009,6,"['', 'absorption spectra', 'praseodymium', 'rare earth doped materials', '', 'C. Point defects', 'D. Crystal and ligand fields', 'D. Electron-phonon interaction', 'D. Optical properties', 'Crystal field splitting', 'Excitation', 'Luminescence', 'Solid solutions', '']"
56216534600,7004747071,2010,2,"['Ab initio calculations', 'Electronic structure', 'Optical properties', 'Rare earth ions', 'TiO 2', '5d-4f emission', 'Eu 2+', 'Optical materials', 'Persistent phosphors']"
56216534600,7004747071,2011,4,"['Crystal-field splitting', 'Crystal-field strength', 'Eu :SnO 3+ 2', 'J-mixing', 'TiO 2', '', 'Ab initio calculations', 'Crystal field', 'Electronic structure', 'Pressure effects', 'Rare earth ions', 'Ab-initio calculations', 'Absorption spectra', 'Band structure', 'Crystal field theory']"
56216534600,7004747071,2012,2,"['Fluorescent spectra', 'Light emitting diodes', 'Optical compounds', 'Optical properties', 'Rare earth doped borates']"
56216534600,7004747071,2013,2,"['4f-5d transition', '5d spin-orbit interaction', 'Heavy lanthanide ions', 'Crystal field theory', 'Ni ions 2+', 'Spin-orbit splitting']"
56216534600,7004747071,2014,1,"['Europium', 'Microtubes', 'Photoluminescence', 'sol-gel', 'Time-resolved spectroscopy', 'YSZ']"
8939911300,7004747071,2009,1,['']
8939911300,7004747071,2010,1,"['Ab initio calculations', 'Electronic structure', 'Optical properties', 'Rare earth ions', 'TiO 2']"
8939911300,7004747071,2011,3,"['Crystal-field splitting', 'Crystal-field strength', 'Eu :SnO 3+ 2', 'J-mixing', 'TiO 2', '', 'Ab initio calculations', 'Crystal field', 'Electronic structure', 'Pressure effects', 'Rare earth ions']"
8939911300,7004747071,2012,2,"['Fluorescent spectra', 'Light emitting diodes', 'Optical compounds', 'Optical properties', 'Rare earth doped borates']"
8939911300,7004747071,2013,1,"['4f-5d transition', '5d spin-orbit interaction', 'Heavy lanthanide ions']"
8939911300,7004747071,2014,2,"['Composites', 'DFT', 'Fluorescence', 'Solvatochromism', 'UV-VIS spectra', 'Europium', 'Microtubes', 'Photoluminescence', 'sol-gel', 'Time-resolved spectroscopy', 'YSZ']"
8939911300,7004747071,2015,1,"['Borate glasses', 'Rare earth doped spectra']"
26648246800,7004697483,2010,1,"['Assumed similarity', 'NEO PI-R', 'Personality ratings', 'Restriction for range', 'Self-observer agreement', 'Visibility of traits']"
26648246800,7004697483,2011,4,"['Copy-number variations (CNV)', 'Mental retardation (MR)', 'SNP genotyping arrays', 'Uniparental disomy (UPD)', '', '', '']"
26648246800,7004697483,2012,6,"['Aging', 'Anxiety', 'Depressive symptoms', 'Genetics', 'IPIP personality', 'NEO personality', '', '', '', 'Behavioral Choices', 'Health Behaviors', 'Personality', 'Psychology', 'Sexually Transmitted Disease', 'Diet', 'Dietary patterns', 'Five-Factor Model', 'Openness', 'Personality']"
26648246800,7004697483,2013,1,"['Happiness and life-satisfaction', 'NEO PI-3', 'Personality ratings', 'Self-other agreement', 'Subjective well-being']"
26648246800,7004697483,2014,4,"['', '', 'CD', 'Gene Regulation', 'Mouse Model', 'UC', '']"
26648246800,7004697483,2015,10,"['', '', '', '', '', '', '', '', 'Five-Factor Model of personality', 'Neuroticism', 'Peptic ulcer disease', '']"
26648246800,7004697483,2016,9,"['', '', '', '', '', 'FFM personality traits', 'general self-rated health', 'health-related quality of life', 'objective health indicators', 'subjective well-being', '', 'Education', 'Genetics', 'Longevity', 'Polygenic score', 'Prediction', 'Gene expression', 'Genetic correlation', 'Sex-specific genetic architecture']"
26648246800,7004697483,2017,6,"['gene expression', 'genetic architecture', 'genetic association study', 'heritability', 'linear mixed models', 'Basophils', 'CEBPA', 'Genome sequencing', 'GWAS', 'Hematopoiesis', '', '', '', '']"
26648246800,56813518300,2011,1,"['Copy-number variations (CNV)', 'Mental retardation (MR)', 'SNP genotyping arrays', 'Uniparental disomy (UPD)']"
26648246800,56813518300,2015,3,"['', '', '']"
26648246800,56813518300,2013,1,"['Combinatorial traits', 'Continuous traits', 'Genome-wide analysis', 'GWAS', 'Linear regression', 'Metabolomics']"
26648246800,56813518300,2016,2,"['', '']"
26648246800,56813518300,2017,2,"['Basophils', 'CEBPA', 'Genome sequencing', 'GWAS', 'Hematopoiesis', '']"
7004697483,56813518300,2007,1,['']
7004697483,56813518300,2008,2,"['', 'Enzyme activity', 'Haplotype analysis', 'Pharmacogenetics', 'Thiopurine methyltransferase (TPMT)']"
7004697483,56813518300,2010,1,"['Amniocytes', 'Aneuploidy detection', 'APEX-2', 'CVS', 'Prenatal diagnosis', 'Trisomy 21']"
7004697483,56813518300,2011,1,"['Copy-number variations (CNV)', 'Mental retardation (MR)', 'SNP genotyping arrays', 'Uniparental disomy (UPD)']"
7004697483,56813518300,2014,1,"['Allele-specific expression', 'Imprinting', 'Placenta', 'Random monoallelic expression', 'RNA sequencing', 'Short read mapping']"
7004697483,56813518300,2015,6,"['', '', '', '', '', '']"
7004697483,56813518300,2016,4,"['genomic imprinting', 'ICR', ""Levene's test"", 'methylation', 'somatic tissues', '', '', '']"
7004697483,56813518300,2017,3,"['Basophils', 'CEBPA', 'Genome sequencing', 'GWAS', 'Hematopoiesis', 'Genetic Risk', 'Genetic Risk Score', 'Precision Medicine', 'Risk Prediction', 'Type 2 Diabetes', '']"
55229593100,6506221899,2012,3,"['', 'Geochemistry', 'Major elements', 'Quality control', 'Regolith', 'Topsoil', 'Trace elements', 'Agricultural soil', 'Compositional data', 'Europe', 'Geochemistry', 'Major elements', 'XRF']"
55229593100,6506221899,2013,2,"['', '']"
22959108200,25652011400,2013,1,"['concentrated winding', 'Interior permanent magnet machines']"
22959108200,48161745900,2013,1,"['concentrated winding', 'Interior permanent magnet machines']"
7401820835,56120065000,2014,1,"['Atomic layer deposition', 'Holmium oxide', 'Holmium titanate', 'Magnetic materials', 'Multilayer', 'Nanolaminate', 'Titanium oxide']"
7401820835,56120065000,2017,1,"['demagnetization models', 'ferrite magnets', 'finite-element analysis', 'permanent magnet machines']"
7401820835,56120065000,2018,2,"['atomic layer deposition', 'Co Sn 3 2', 'intermetallics', 'Ni Sn 3 2', 'thin films', '']"
25652011400,48161745900,2013,1,"['concentrated winding', 'Interior permanent magnet machines']"
25652011400,48161745900,2016,1,"['Electric machines', 'liquid cooling', 'permanent-magnet motors', 'rotating machines', 'temperature dependence']"
36021912700,55888321300,2010,3,"['Accidents', 'Baltic States', 'Belarus', 'homicides', 'injury deaths', 'registration', 'Russia', 'suicides', 'Ukraine', 'undetermined intent', 'Certification of cause of death', 'Mortality statistics', 'Reliability', 'Suicide', 'Ageism', 'Attitudes', 'Eastern Europe', 'Elderly', 'European Social Survey', 'Labor-market exit age', 'Older', 'Western Europe']"
36021912700,55888321300,2012,3,"['Attitudes', 'Eastern Europe', 'European Social Survey', 'Social welfare', 'Suicide', 'Western Europe', 'attitudes', 'Eastern Europe', 'employment', 'European Social Survey', 'unemployment', 'Western Europe', '']"
36021912700,55888321300,2013,2,"['', 'Economic', 'Employment', 'Social exclusion', 'Social welfare', 'Structural equation model', 'Suicide']"
36021912700,55888321300,2014,1,"['European Social Survey', 'European welfare regimes', 'Eurostat', 'Objective well-being', 'Subjective well-being', 'Suicide of older people']"
36021912700,55888321300,2015,1,"['European Social Survey', 'protective factors', 'risk factors', 'structural equation model', 'suicide', 'Ukraine']"
36021912700,23767262500,2010,3,"['Accidents', 'Baltic States', 'Belarus', 'homicides', 'injury deaths', 'registration', 'Russia', 'suicides', 'Ukraine', 'undetermined intent', 'Certification of cause of death', 'Mortality statistics', 'Reliability', 'Suicide', 'Ageism', 'Attitudes', 'Eastern Europe', 'Elderly', 'European Social Survey', 'Labor-market exit age', 'Older', 'Western Europe']"
36021912700,23767262500,2012,3,"['Attitudes', 'Eastern Europe', 'European Social Survey', 'Social welfare', 'Suicide', 'Western Europe', 'attitudes', 'Eastern Europe', 'employment', 'European Social Survey', 'unemployment', 'Western Europe', '']"
36021912700,23767262500,2013,1,"['Economic', 'Employment', 'Social exclusion', 'Social welfare', 'Structural equation model', 'Suicide']"
55888321300,23767262500,2008,3,"['Alcohol use disorder', 'Bereavement risk factors', 'Emotions', 'Suicide survivors', 'Childhood depression', ""Children's Depression Inventory (CDI)"", 'Multifactorial structure', 'Symptoms', 'Depression', 'Hopelessness', 'Severity of suicide attempt', 'Suicidal intent', 'Well-being']"
55888321300,23767262500,2009,1,"['Components of suicidal intent', 'Gender and age differences', 'Pierce suicidal intent scale', 'Suicide attempt']"
55888321300,23767262500,2010,1,"['Ageism', 'Attitudes', 'Eastern Europe', 'Elderly', 'European Social Survey', 'Labor-market exit age', 'Older', 'Western Europe']"
55888321300,23767262500,2011,1,"['Familicide', 'Homicide-suicide', 'Impulsivity', 'Pathological gambling', 'Suicide']"
55888321300,23767262500,2012,5,"['Attitudes', 'Eastern Europe', 'European Social Survey', 'Social welfare', 'Suicide', 'Western Europe', 'attitudes', 'Eastern Europe', 'employment', 'European Social Survey', 'unemployment', 'Western Europe', 'Copycat effect', 'Internet', 'Media', 'Media portrayal', 'Media reporting', 'Papageno effect', 'Protective effect', 'Provocative effect', 'Suicidal behaviours', 'Suicidality', 'Werther effect', '', 'Content analysis', 'Estonia', 'Familicide-suicide', 'Media', 'Public attitudes']"
55888321300,23767262500,2013,2,"['Alcohol use', 'Bullying', 'Parent-child communication', 'Physical fighting', 'Smoking', 'Suicidal ideation', 'Economic', 'Employment', 'Social exclusion', 'Social welfare', 'Structural equation model', 'Suicide']"
55888321300,23767262500,2019,1,"['bullying', 'hopelessness', 'mental well-being', 'sex difference', 'types of bullying']"
26648246800,7004697483,2010,1,"['Assumed similarity', 'NEO PI-R', 'Personality ratings', 'Restriction for range', 'Self-observer agreement', 'Visibility of traits']"
26648246800,7004697483,2011,4,"['Copy-number variations (CNV)', 'Mental retardation (MR)', 'SNP genotyping arrays', 'Uniparental disomy (UPD)', '', '', '']"
26648246800,7004697483,2012,6,"['Aging', 'Anxiety', 'Depressive symptoms', 'Genetics', 'IPIP personality', 'NEO personality', '', '', '', 'Behavioral Choices', 'Health Behaviors', 'Personality', 'Psychology', 'Sexually Transmitted Disease', 'Diet', 'Dietary patterns', 'Five-Factor Model', 'Openness', 'Personality']"
26648246800,7004697483,2013,1,"['Happiness and life-satisfaction', 'NEO PI-3', 'Personality ratings', 'Self-other agreement', 'Subjective well-being']"
26648246800,7004697483,2014,4,"['', '', 'CD', 'Gene Regulation', 'Mouse Model', 'UC', '']"
26648246800,7004697483,2015,10,"['', '', '', '', '', '', '', '', 'Five-Factor Model of personality', 'Neuroticism', 'Peptic ulcer disease', '']"
26648246800,7004697483,2016,9,"['', '', '', '', '', 'FFM personality traits', 'general self-rated health', 'health-related quality of life', 'objective health indicators', 'subjective well-being', '', 'Education', 'Genetics', 'Longevity', 'Polygenic score', 'Prediction', 'Gene expression', 'Genetic correlation', 'Sex-specific genetic architecture']"
26648246800,7004697483,2017,6,"['gene expression', 'genetic architecture', 'genetic association study', 'heritability', 'linear mixed models', 'Basophils', 'CEBPA', 'Genome sequencing', 'GWAS', 'Hematopoiesis', '', '', '', '']"
26648246800,56813518300,2011,1,"['Copy-number variations (CNV)', 'Mental retardation (MR)', 'SNP genotyping arrays', 'Uniparental disomy (UPD)']"
26648246800,56813518300,2015,3,"['', '', '']"
26648246800,56813518300,2013,1,"['Combinatorial traits', 'Continuous traits', 'Genome-wide analysis', 'GWAS', 'Linear regression', 'Metabolomics']"
26648246800,56813518300,2016,2,"['', '']"
26648246800,56813518300,2017,2,"['Basophils', 'CEBPA', 'Genome sequencing', 'GWAS', 'Hematopoiesis', '']"
7004697483,56813518300,2007,1,['']
7004697483,56813518300,2008,2,"['', 'Enzyme activity', 'Haplotype analysis', 'Pharmacogenetics', 'Thiopurine methyltransferase (TPMT)']"
7004697483,56813518300,2010,1,"['Amniocytes', 'Aneuploidy detection', 'APEX-2', 'CVS', 'Prenatal diagnosis', 'Trisomy 21']"
7004697483,56813518300,2011,1,"['Copy-number variations (CNV)', 'Mental retardation (MR)', 'SNP genotyping arrays', 'Uniparental disomy (UPD)']"
7004697483,56813518300,2014,1,"['Allele-specific expression', 'Imprinting', 'Placenta', 'Random monoallelic expression', 'RNA sequencing', 'Short read mapping']"
7004697483,56813518300,2015,6,"['', '', '', '', '', '']"
7004697483,56813518300,2016,4,"['genomic imprinting', 'ICR', ""Levene's test"", 'methylation', 'somatic tissues', '', '', '']"
7004697483,56813518300,2017,3,"['Basophils', 'CEBPA', 'Genome sequencing', 'GWAS', 'Hematopoiesis', 'Genetic Risk', 'Genetic Risk Score', 'Precision Medicine', 'Risk Prediction', 'Type 2 Diabetes', '']"
26648246800,7004697483,2010,1,"['Assumed similarity', 'NEO PI-R', 'Personality ratings', 'Restriction for range', 'Self-observer agreement', 'Visibility of traits']"
26648246800,7004697483,2011,4,"['Copy-number variations (CNV)', 'Mental retardation (MR)', 'SNP genotyping arrays', 'Uniparental disomy (UPD)', '', '', '']"
26648246800,7004697483,2012,6,"['Aging', 'Anxiety', 'Depressive symptoms', 'Genetics', 'IPIP personality', 'NEO personality', '', '', '', 'Behavioral Choices', 'Health Behaviors', 'Personality', 'Psychology', 'Sexually Transmitted Disease', 'Diet', 'Dietary patterns', 'Five-Factor Model', 'Openness', 'Personality']"
26648246800,7004697483,2013,1,"['Happiness and life-satisfaction', 'NEO PI-3', 'Personality ratings', 'Self-other agreement', 'Subjective well-being']"
26648246800,7004697483,2014,4,"['', '', 'CD', 'Gene Regulation', 'Mouse Model', 'UC', '']"
26648246800,7004697483,2015,10,"['', '', '', '', '', '', '', '', 'Five-Factor Model of personality', 'Neuroticism', 'Peptic ulcer disease', '']"
26648246800,7004697483,2016,9,"['', '', '', '', '', 'FFM personality traits', 'general self-rated health', 'health-related quality of life', 'objective health indicators', 'subjective well-being', '', 'Education', 'Genetics', 'Longevity', 'Polygenic score', 'Prediction', 'Gene expression', 'Genetic correlation', 'Sex-specific genetic architecture']"
26648246800,7004697483,2017,6,"['gene expression', 'genetic architecture', 'genetic association study', 'heritability', 'linear mixed models', 'Basophils', 'CEBPA', 'Genome sequencing', 'GWAS', 'Hematopoiesis', '', '', '', '']"
26648246800,56998409700,2014,1,['']
26648246800,56998409700,2015,4,"['', '', '', '']"
26648246800,56998409700,2016,1,['']
26648246800,56998409700,2017,3,"['Basophils', 'CEBPA', 'Genome sequencing', 'GWAS', 'Hematopoiesis', '', '']"
26648246800,56998409700,2018,1,"['Family history', 'genetic risk score', 'genome-wide association', 'GWAS', 'schizophrenia']"
7004697483,56998409700,2012,1,['']
7004697483,56998409700,2013,1,"['craniosynostosis', 'dual specificity phosphatase 6', 'exome sequencing', 'genetic pleiotropy', 'maxillary deficiency', 'penetrance']"
7004697483,56998409700,2014,1,"['Allele-specific expression', 'Imprinting', 'Placenta', 'Random monoallelic expression', 'RNA sequencing', 'Short read mapping']"
7004697483,56998409700,2015,1,['']
7004697483,56998409700,2016,1,['']
7004697483,56998409700,2017,4,"['Basophils', 'CEBPA', 'Genome sequencing', 'GWAS', 'Hematopoiesis', '', '', '']"
