Country,Source,Target,Year,Weight,Keywords
Netherlands,6604023299,12778353500,2008,1,"['ARIA', 'Asthma', 'Guideline', 'Management', 'Rhinitis']"
Netherlands,35355799700,6506815732,2012,1,"['allergy', 'asthma', 'inhalant', 'rhinitis', 'skin prick test']"
Netherlands,35355799700,12645157700,2017,2,"['Allergic rhinitis', 'practice guideline', 'Advocacy', 'Allergy', 'Asthma', 'EUFOREA', 'Mobile health technology']"
Netherlands,6701740640,7007048331,2008,1,['']
Netherlands,6701740640,24437068500,2017,1,['']
Netherlands,6701740640,6603049309,2018,1,"['Europe', 'Financial crisis', 'Health inequalities', 'Morbidity', 'Mortality']"
Netherlands,6701740640,55762742200,2018,1,"['Europe', 'Financial crisis', 'Health inequalities', 'Morbidity', 'Mortality']"
Netherlands,7007048331,35584466700,2008,1,['']
Netherlands,6604023299,12778353500,2008,1,"['ARIA', 'Asthma', 'Guideline', 'Management', 'Rhinitis']"
Netherlands,35355799700,6506815732,2012,1,"['allergy', 'asthma', 'inhalant', 'rhinitis', 'skin prick test']"
Netherlands,35355799700,12645157700,2017,2,"['Allergic rhinitis', 'practice guideline', 'Advocacy', 'Allergy', 'Asthma', 'EUFOREA', 'Mobile health technology']"
Netherlands,6602244946,7005712245,2009,1,"['Biomonitoring', 'Evaluation procedures', 'Spatiotemporal analyses', 'Statistics']"
Romania,57201020933,14056134900,2018,1,['']
Romania,57201020933,12645157700,2017,2,"['Allergic rhinitis', 'practice guideline', 'Advocacy', 'Allergy', 'Asthma', 'EUFOREA', 'Mobile health technology']"
Romania,57201020933,12645157700,2018,1,['']
Romania,57201020933,12778353500,2010,1,"['ARIA', 'asthma', 'EAACI', 'EFA', 'IPCRG', 'rhinitis']"
Romania,57201020933,14056134900,2018,1,['']
Romania,57201020933,12645157700,2017,2,"['Allergic rhinitis', 'practice guideline', 'Advocacy', 'Allergy', 'Asthma', 'EUFOREA', 'Mobile health technology']"
Romania,57201020933,12645157700,2018,1,['']
Romania,57201020933,12778353500,2010,1,"['ARIA', 'asthma', 'EAACI', 'EFA', 'IPCRG', 'rhinitis']"
France,55160889400,14056134900,2018,1,"['App', 'ARIA', 'Asthma', 'Care pathways', 'MASK', 'mHealth', 'Rhinitis']"
France,55160889400,12645157700,2018,1,"['App', 'ARIA', 'Asthma', 'Care pathways', 'MASK', 'mHealth', 'Rhinitis']"
France,55160889400,12778353500,2018,1,"['App', 'ARIA', 'Asthma', 'Care pathways', 'MASK', 'mHealth', 'Rhinitis']"
France,55369561800,6506815732,2013,1,"['Actinidin', 'allergens', 'component resolved diagnosis', 'diagnosis', 'food allergy', 'ImmunoCAP', 'kiwifruit', 'skin prick test']"
France,55369561800,6506815732,2015,4,"['component-resolved diagnosis', 'food allergy', 'food challenge', 'peanut', 'threshold dose', 'cross-sectional', 'EuroPrevall', 'food allergy', 'methods', 'outpatient clinic', 'allergy', 'celeriac', 'EuroPrevall', 'fish', 'Food', 'hazelnut', 'peanut', 'shrimp', 'threshold', '']"
France,55253648100,14056134900,2018,1,['']
France,55253648100,12645157700,2018,1,['']
France,6506815732,55156315400,2012,1,"['allergy', 'asthma', 'inhalant', 'rhinitis', 'skin prick test']"
France,6506815732,56229296400,2012,1,"['allergy', 'asthma', 'inhalant', 'rhinitis', 'skin prick test']"
France,6506815732,10439555400,2012,1,"['allergy', 'asthma', 'inhalant', 'rhinitis', 'skin prick test']"
France,6506815732,7103273891,2012,1,"['allergy', 'asthma', 'inhalant', 'rhinitis', 'skin prick test']"
France,14056134900,55156315400,2018,1,['']
France,14056134900,56229296400,2018,1,"['App', 'ARIA', 'Asthma', 'Care pathways', 'MASK', 'mHealth', 'Rhinitis']"
France,14056134900,10439555400,2007,1,"['Drug allergy and hypersensitivity database', 'Drug hypersensitivity', 'Immediate reactions']"
France,14056134900,10439555400,2011,1,"['Drug allergy/hypersensitivity', 'Drug provocation test', 'Patient satisfaction']"
France,14056134900,7103273891,2007,1,"['Drug allergy and hypersensitivity database', 'Drug hypersensitivity', 'Immediate reactions']"
France,14056134900,7103273891,2008,1,['']
France,14056134900,7103273891,2011,1,"['Drug allergy/hypersensitivity', 'Drug provocation test', 'Patient satisfaction']"
France,14056134900,7103273891,2018,2,"['Drug allergy', 'Drug hypersensitivity reaction', 'Prevalence', 'Self-reported risk factor', 'App', 'ARIA', 'Asthma', 'Care pathways', 'MASK', 'mHealth', 'Rhinitis']"
France,55156315400,12645157700,2017,2,"['Allergic rhinitis', 'practice guideline', 'Advocacy', 'Allergy', 'Asthma', 'EUFOREA', 'Mobile health technology']"
France,55156315400,12645157700,2018,1,['']
France,56229296400,12645157700,2018,1,"['App', 'ARIA', 'Asthma', 'Care pathways', 'MASK', 'mHealth', 'Rhinitis']"
France,56229296400,12778353500,2008,1,"['ARIA', 'Asthma', 'Guideline', 'Management', 'Rhinitis']"
France,56229296400,12778353500,2010,1,"['ARIA', 'asthma', 'EAACI', 'EFA', 'IPCRG', 'rhinitis']"
France,56229296400,12778353500,2018,1,"['App', 'ARIA', 'Asthma', 'Care pathways', 'MASK', 'mHealth', 'Rhinitis']"
France,12645157700,7103273891,2017,1,"['Allergic rhinitis', 'practice guideline']"
France,12645157700,7103273891,2018,1,"['App', 'ARIA', 'Asthma', 'Care pathways', 'MASK', 'mHealth', 'Rhinitis']"
France,12778353500,7103273891,2018,1,"['App', 'ARIA', 'Asthma', 'Care pathways', 'MASK', 'mHealth', 'Rhinitis']"
France,7202556569,57204792584,2018,1,"['epidemiology', 'gender', 'obesity', 'sleep-disordered breathing']"
France,57204792584,57197006710,2018,1,"['epidemiology', 'gender', 'obesity', 'sleep-disordered breathing']"
France,35448050300,8947481500,2016,1,['']
France,6701740640,6506108186,2018,1,"['Europe', 'Financial crisis', 'Health inequalities', 'Morbidity', 'Mortality']"
France,55160889400,14056134900,2018,1,"['App', 'ARIA', 'Asthma', 'Care pathways', 'MASK', 'mHealth', 'Rhinitis']"
France,55160889400,12645157700,2018,1,"['App', 'ARIA', 'Asthma', 'Care pathways', 'MASK', 'mHealth', 'Rhinitis']"
France,55160889400,12778353500,2018,1,"['App', 'ARIA', 'Asthma', 'Care pathways', 'MASK', 'mHealth', 'Rhinitis']"
France,8720732800,14056134900,2018,1,['']
France,8720732800,12645157700,2018,1,['']
France,55253648100,14056134900,2018,1,['']
France,55253648100,12645157700,2018,1,['']
France,6506815732,55156315400,2012,1,"['allergy', 'asthma', 'inhalant', 'rhinitis', 'skin prick test']"
France,6506815732,56229296400,2012,1,"['allergy', 'asthma', 'inhalant', 'rhinitis', 'skin prick test']"
France,6506815732,10439555400,2012,1,"['allergy', 'asthma', 'inhalant', 'rhinitis', 'skin prick test']"
France,6506815732,7103273891,2012,1,"['allergy', 'asthma', 'inhalant', 'rhinitis', 'skin prick test']"
France,14056134900,55156315400,2018,1,['']
France,14056134900,56229296400,2018,1,"['App', 'ARIA', 'Asthma', 'Care pathways', 'MASK', 'mHealth', 'Rhinitis']"
France,14056134900,10439555400,2007,1,"['Drug allergy and hypersensitivity database', 'Drug hypersensitivity', 'Immediate reactions']"
France,14056134900,10439555400,2011,1,"['Drug allergy/hypersensitivity', 'Drug provocation test', 'Patient satisfaction']"
France,14056134900,26663405900,2018,1,"['App', 'ARIA', 'Asthma', 'Care pathways', 'MASK', 'mHealth', 'Rhinitis']"
France,14056134900,7103273891,2007,1,"['Drug allergy and hypersensitivity database', 'Drug hypersensitivity', 'Immediate reactions']"
France,14056134900,7103273891,2008,1,['']
France,14056134900,7103273891,2011,1,"['Drug allergy/hypersensitivity', 'Drug provocation test', 'Patient satisfaction']"
France,14056134900,7103273891,2018,2,"['Drug allergy', 'Drug hypersensitivity reaction', 'Prevalence', 'Self-reported risk factor', 'App', 'ARIA', 'Asthma', 'Care pathways', 'MASK', 'mHealth', 'Rhinitis']"
France,55156315400,12645157700,2017,2,"['Allergic rhinitis', 'practice guideline', 'Advocacy', 'Allergy', 'Asthma', 'EUFOREA', 'Mobile health technology']"
France,55156315400,12645157700,2018,1,['']
France,56229296400,12645157700,2018,1,"['App', 'ARIA', 'Asthma', 'Care pathways', 'MASK', 'mHealth', 'Rhinitis']"
France,56229296400,12778353500,2008,1,"['ARIA', 'Asthma', 'Guideline', 'Management', 'Rhinitis']"
France,56229296400,12778353500,2010,1,"['ARIA', 'asthma', 'EAACI', 'EFA', 'IPCRG', 'rhinitis']"
France,56229296400,12778353500,2018,1,"['App', 'ARIA', 'Asthma', 'Care pathways', 'MASK', 'mHealth', 'Rhinitis']"
France,55382766900,12778353500,2008,1,"['ARIA', 'Asthma', 'Guideline', 'Management', 'Rhinitis']"
France,55382766900,12778353500,2010,1,"['ARIA', 'asthma', 'EAACI', 'EFA', 'IPCRG', 'rhinitis']"
France,12645157700,26663405900,2018,1,"['App', 'ARIA', 'Asthma', 'Care pathways', 'MASK', 'mHealth', 'Rhinitis']"
France,12645157700,7103273891,2017,1,"['Allergic rhinitis', 'practice guideline']"
France,12645157700,7103273891,2018,1,"['App', 'ARIA', 'Asthma', 'Care pathways', 'MASK', 'mHealth', 'Rhinitis']"
France,26663405900,12778353500,2018,1,"['App', 'ARIA', 'Asthma', 'Care pathways', 'MASK', 'mHealth', 'Rhinitis']"
France,12778353500,7103273891,2018,1,"['App', 'ARIA', 'Asthma', 'Care pathways', 'MASK', 'mHealth', 'Rhinitis']"
France,7004022413,6602244946,2009,1,"['Biomonitoring', 'Evaluation procedures', 'Spatiotemporal analyses', 'Statistics']"
France,7004022413,6602244946,2010,2,"['Biomonitoring', 'EMEP maps', 'Heavy metals', 'Metal deposition', 'Moss survey', 'Biomonitoring', 'Cadmium', 'Correlation analysis', 'Deposition', 'Lead', 'Mercury', 'Moss']"
France,7004022413,6602244946,2012,1,"['Biomonitoring', 'Bryophytes', 'EMEP', 'Heavy metals', 'Metal deposition']"
Italy,7007067199,6506815732,2012,1,"['allergy', 'asthma', 'inhalant', 'rhinitis', 'skin prick test']"
Italy,7007067199,12645157700,2017,1,"['Allergic rhinitis', 'practice guideline']"
Italy,7007067199,12778353500,2008,1,"['ARIA', 'Asthma', 'Guideline', 'Management', 'Rhinitis']"
Italy,7007067199,12778353500,2010,1,"['ARIA', 'asthma', 'EAACI', 'EFA', 'IPCRG', 'rhinitis']"
Italy,55412658800,6506815732,2012,1,"['allergy', 'asthma', 'inhalant', 'rhinitis', 'skin prick test']"
Italy,55412658800,14056134900,2009,1,"['DAHD', 'Database', 'Drug allergy', 'ENDA', 'GA2LEN']"
Italy,55412658800,14056134900,2018,1,['']
Italy,55412658800,12645157700,2017,1,"['Allergic rhinitis', 'practice guideline']"
Italy,55412658800,12645157700,2018,1,['']
Italy,7007103216,12778353500,2008,1,"['ARIA', 'Asthma', 'Guideline', 'Management', 'Rhinitis']"
Italy,35416842900,57204792584,2018,1,"['epidemiology', 'gender', 'obesity', 'sleep-disordered breathing']"
Italy,57204792584,7004223392,2018,1,"['epidemiology', 'gender', 'obesity', 'sleep-disordered breathing']"
Italy,57204792584,7101708707,2018,1,"['epidemiology', 'gender', 'obesity', 'sleep-disordered breathing']"
Italy,7005199986,8947481500,2016,1,['']
Italy,7102203008,8947481500,2016,1,['']
Italy,7004614542,8947481500,2016,1,['']
Italy,8947481500,35395245000,2011,1,['']
Italy,8947481500,35395245000,2016,1,['']
Italy,18733250100,12645157700,2008,1,"['Asthma', 'Episodic viral wheeze', 'Inhaled corticosteroids', 'Montelukast', 'Multiple-trigger wheeze']"
Italy,7007067199,6506815732,2012,1,"['allergy', 'asthma', 'inhalant', 'rhinitis', 'skin prick test']"
Italy,7007067199,12645157700,2017,1,"['Allergic rhinitis', 'practice guideline']"
Italy,7007067199,12778353500,2008,1,"['ARIA', 'Asthma', 'Guideline', 'Management', 'Rhinitis']"
Italy,7007067199,12778353500,2010,1,"['ARIA', 'asthma', 'EAACI', 'EFA', 'IPCRG', 'rhinitis']"
Italy,55412658800,6506815732,2012,1,"['allergy', 'asthma', 'inhalant', 'rhinitis', 'skin prick test']"
Italy,55412658800,14056134900,2009,1,"['DAHD', 'Database', 'Drug allergy', 'ENDA', 'GA2LEN']"
Italy,55412658800,14056134900,2018,1,['']
Italy,55412658800,12645157700,2017,1,"['Allergic rhinitis', 'practice guideline']"
Italy,55412658800,12645157700,2018,1,['']
Italy,7006595735,6506815732,2012,1,"['Birth cohort', 'Europe', 'EuroPrevall', 'Food allergy', 'Food hypersensitivity']"
Italy,7006595735,6506815732,2014,1,"['Folic acid', 'Iron', 'Pregnancy recommendations', 'Vitamin D']"
Italy,7006595735,6506815732,2015,1,"['birth cohort study', ""cow's milk allergy"", 'EuroPrevall', 'food allergy', 'incidence']"
Italy,7006595735,6506815732,2016,1,"['children', 'egg allergy', 'epidemiology']"
Italy,7006595735,6506815732,2018,2,"['data collection', 'decision-making', 'diagnostic techniques and procedures', 'food hypersensitivity', 'observer variation', 'asthma epidemiology', 'paediatric asthma']"
Italy,35611705000,12645157700,2017,2,"['Allergic rhinitis', 'practice guideline', 'Advocacy', 'Allergy', 'Asthma', 'EUFOREA', 'Mobile health technology']"
Italy,7007103216,12778353500,2008,1,"['ARIA', 'Asthma', 'Guideline', 'Management', 'Rhinitis']"
Italy,14056134900,7004572529,2018,1,['']
Italy,12645157700,7004572529,2018,1,['']
Italy,55875874900,8350356900,2018,1,"['Environmental taxes', 'Estonia', 'Greening tax systems', 'Indicators of sustainable energy development', 'Latvia', 'Lithuania', 'Pollution taxes']"
Italy,57188760238,8350356900,2017,1,"['Healthy and safe built environment', 'MCDM methods', 'Neighborhoods', 'Sustainable development', 'Vilnius']"
Italy,56017335100,8350356900,2016,1,"['CILOS method', 'COPRAS method', 'MADM', 'Pollution decrease', 'VIKOR method']"
Italy,56017335100,8350356900,2017,1,"['Healthy and safe built environment', 'MCDM methods', 'Neighborhoods', 'Sustainable development', 'Vilnius']"
Italy,55875698500,8350356900,2017,2,"['Decomposed theory of planned behavior', 'Recycle', 'Repair', 'Reuse', 'Reverse supply chain management', 'Sustainable waste management', 'Theory of planned behavior', 'Comprehensive analysis', 'Environmental sustainability', 'Meta-analysis', 'Structural equation modeling']"
Italy,55875698500,8350356900,2018,2,"['Concentrated solar power (CSP)', 'Intuitionistic fuzzy multicriteria', 'Shannon entropy', 'Solar-fossil', 'Sustainability', 'Environmental taxes', 'Estonia', 'Greening tax systems', 'Indicators of sustainable energy development', 'Latvia', 'Lithuania', 'Pollution taxes']"
Italy,55926913900,8350356900,2017,1,"['Healthy and safe built environment', 'MCDM methods', 'Neighborhoods', 'Sustainable development', 'Vilnius']"
Italy,6506559881,8350356900,2016,1,"['CILOS method', 'COPRAS method', 'MADM', 'Pollution decrease', 'VIKOR method']"
Italy,8350356900,8922271700,2016,1,"['Combined heat and power (CHP)', 'Fuzzy multicriteria', 'Fuzzy TOPSIS', 'Shannon entropy', 'Sustainability']"
Italy,23479277200,6602244946,2009,1,"['Biomonitoring', 'Evaluation procedures', 'Spatiotemporal analyses', 'Statistics']"
Italy,23479277200,6602244946,2010,2,"['Biomonitoring', 'EMEP maps', 'Heavy metals', 'Metal deposition', 'Moss survey', 'Biomonitoring', 'Cadmium', 'Correlation analysis', 'Deposition', 'Lead', 'Mercury', 'Moss']"
Italy,23479277200,6602244946,2012,1,"['Biomonitoring', 'Bryophytes', 'EMEP', 'Heavy metals', 'Metal deposition']"
Portugal,45661083200,12645157700,2017,1,"['Allergic rhinitis', 'practice guideline']"
Portugal,6506815732,15847298500,2012,1,"['allergy', 'asthma', 'inhalant', 'rhinitis', 'skin prick test']"
Portugal,14056134900,56017852200,2018,2,"['', 'App', 'ARIA', 'Asthma', 'Care pathways', 'MASK', 'mHealth', 'Rhinitis']"
Portugal,14056134900,15847298500,2018,1,"['App', 'ARIA', 'Asthma', 'Care pathways', 'MASK', 'mHealth', 'Rhinitis']"
Portugal,6701850362,12778353500,2008,1,"['ARIA', 'Asthma', 'Guideline', 'Management', 'Rhinitis']"
Portugal,6701850362,12778353500,2010,1,"['ARIA', 'asthma', 'EAACI', 'EFA', 'IPCRG', 'rhinitis']"
Portugal,56017852200,12645157700,2018,2,"['', 'App', 'ARIA', 'Asthma', 'Care pathways', 'MASK', 'mHealth', 'Rhinitis']"
Portugal,56017852200,12778353500,2010,1,"['ARIA', 'asthma', 'EAACI', 'EFA', 'IPCRG', 'rhinitis']"
Portugal,56017852200,12778353500,2018,1,"['App', 'ARIA', 'Asthma', 'Care pathways', 'MASK', 'mHealth', 'Rhinitis']"
Portugal,12645157700,15847298500,2018,1,"['App', 'ARIA', 'Asthma', 'Care pathways', 'MASK', 'mHealth', 'Rhinitis']"
Portugal,12778353500,15847298500,2018,1,"['App', 'ARIA', 'Asthma', 'Care pathways', 'MASK', 'mHealth', 'Rhinitis']"
Portugal,6701740640,7003526784,2008,1,['']
Portugal,7003526784,35584466700,2008,1,['']
Portugal,45661083200,12645157700,2017,1,"['Allergic rhinitis', 'practice guideline']"
Portugal,6506815732,15847298500,2012,1,"['allergy', 'asthma', 'inhalant', 'rhinitis', 'skin prick test']"
Portugal,14056134900,56017852200,2018,2,"['', 'App', 'ARIA', 'Asthma', 'Care pathways', 'MASK', 'mHealth', 'Rhinitis']"
Portugal,14056134900,15847298500,2018,1,"['App', 'ARIA', 'Asthma', 'Care pathways', 'MASK', 'mHealth', 'Rhinitis']"
Portugal,6701850362,12778353500,2008,1,"['ARIA', 'Asthma', 'Guideline', 'Management', 'Rhinitis']"
Portugal,6701850362,12778353500,2010,1,"['ARIA', 'asthma', 'EAACI', 'EFA', 'IPCRG', 'rhinitis']"
Portugal,56017852200,12645157700,2018,2,"['', 'App', 'ARIA', 'Asthma', 'Care pathways', 'MASK', 'mHealth', 'Rhinitis']"
Portugal,56017852200,12778353500,2010,1,"['ARIA', 'asthma', 'EAACI', 'EFA', 'IPCRG', 'rhinitis']"
Portugal,56017852200,12778353500,2018,1,"['App', 'ARIA', 'Asthma', 'Care pathways', 'MASK', 'mHealth', 'Rhinitis']"
Portugal,12645157700,15847298500,2018,1,"['App', 'ARIA', 'Asthma', 'Care pathways', 'MASK', 'mHealth', 'Rhinitis']"
Portugal,12778353500,15847298500,2018,1,"['App', 'ARIA', 'Asthma', 'Care pathways', 'MASK', 'mHealth', 'Rhinitis']"
Portugal,56496480500,56000972200,2017,1,"['Choquet integral', 'Cognitive mapping', 'Decisionmaking', 'Payment instruments', 'Strategy planning']"
Portugal,37115389700,56000972200,2017,1,"['Choquet integral', 'Cognitive mapping', 'Decisionmaking', 'Payment instruments', 'Strategy planning']"
Portugal,36051668100,6602244946,2009,1,"['Biomonitoring', 'Evaluation procedures', 'Spatiotemporal analyses', 'Statistics']"
Portugal,36051668100,6602244946,2012,1,"['Biomonitoring', 'Bryophytes', 'EMEP', 'Heavy metals', 'Metal deposition']"
Sweden,57203105353,6506815732,2012,1,"['allergy', 'asthma', 'inhalant', 'rhinitis', 'skin prick test']"
Sweden,57203105353,14056134900,2018,1,['']
Sweden,57203105353,12645157700,2017,1,"['Allergic rhinitis', 'practice guideline']"
Sweden,57203105353,12645157700,2018,1,['']
Sweden,57203105353,12778353500,2008,1,"['ARIA', 'Asthma', 'Guideline', 'Management', 'Rhinitis']"
Sweden,7005151484,57204792584,2018,1,"['epidemiology', 'gender', 'obesity', 'sleep-disordered breathing']"
Sweden,57204792584,7006880226,2018,1,"['epidemiology', 'gender', 'obesity', 'sleep-disordered breathing']"
Sweden,6701740640,6603447541,2017,1,['']
Sweden,6701740640,6603447541,2018,1,"['Europe', 'Financial crisis', 'Health inequalities', 'Morbidity', 'Mortality']"
Sweden,6701740640,7005860862,2008,1,['']
Sweden,35584466700,7005860862,2008,1,['']
Sweden,57203105353,6506815732,2012,1,"['allergy', 'asthma', 'inhalant', 'rhinitis', 'skin prick test']"
Sweden,57203105353,14056134900,2018,1,['']
Sweden,57203105353,12645157700,2017,1,"['Allergic rhinitis', 'practice guideline']"
Sweden,57203105353,12645157700,2018,1,['']
Sweden,57203105353,12778353500,2008,1,"['ARIA', 'Asthma', 'Guideline', 'Management', 'Rhinitis']"
Sweden,7004157086,12645157700,2014,1,['']
Sweden,7201923373,6602244946,2012,1,"['Biomonitoring', 'Bryophytes', 'EMEP', 'Heavy metals', 'Metal deposition']"
Sweden,6602244946,7003466604,2009,1,"['Biomonitoring', 'Evaluation procedures', 'Spatiotemporal analyses', 'Statistics']"
Sweden,6602244946,7003466604,2010,2,"['Biomonitoring', 'EMEP maps', 'Heavy metals', 'Metal deposition', 'Moss survey', 'Biomonitoring', 'Cadmium', 'Correlation analysis', 'Deposition', 'Lead', 'Mercury', 'Moss']"
Sweden,6602244946,7003466604,2012,1,"['Biomonitoring', 'Bryophytes', 'EMEP', 'Heavy metals', 'Metal deposition']"
Brazil,55512188000,6506815732,2012,1,"['allergy', 'asthma', 'inhalant', 'rhinitis', 'skin prick test']"
Brazil,55512188000,14056134900,2018,1,"['App', 'ARIA', 'Asthma', 'Care pathways', 'MASK', 'mHealth', 'Rhinitis']"
Brazil,55512188000,12645157700,2017,1,"['Allergic rhinitis', 'practice guideline']"
Brazil,55512188000,12645157700,2018,1,"['App', 'ARIA', 'Asthma', 'Care pathways', 'MASK', 'mHealth', 'Rhinitis']"
Brazil,55512188000,12778353500,2018,1,"['App', 'ARIA', 'Asthma', 'Care pathways', 'MASK', 'mHealth', 'Rhinitis']"
Brazil,14056134900,7004508954,2018,1,['']
Brazil,7004508954,12645157700,2018,1,['']
Brazil,55512188000,6506815732,2012,1,"['allergy', 'asthma', 'inhalant', 'rhinitis', 'skin prick test']"
Brazil,55512188000,14056134900,2018,1,"['App', 'ARIA', 'Asthma', 'Care pathways', 'MASK', 'mHealth', 'Rhinitis']"
Brazil,55512188000,12645157700,2017,1,"['Allergic rhinitis', 'practice guideline']"
Brazil,55512188000,12645157700,2018,1,"['App', 'ARIA', 'Asthma', 'Care pathways', 'MASK', 'mHealth', 'Rhinitis']"
Brazil,55512188000,12778353500,2018,1,"['App', 'ARIA', 'Asthma', 'Care pathways', 'MASK', 'mHealth', 'Rhinitis']"
Brazil,14056134900,7004508954,2018,1,['']
Brazil,7004508954,12645157700,2018,1,['']
Turkey,6602702947,14056134900,2018,1,['']
Turkey,6602702947,12645157700,2018,1,['']
Turkey,6602702947,12778353500,2008,1,"['ARIA', 'Asthma', 'Guideline', 'Management', 'Rhinitis']"
Turkey,6602702947,12778353500,2010,1,"['ARIA', 'asthma', 'EAACI', 'EFA', 'IPCRG', 'rhinitis']"
Turkey,26643499700,6506815732,2012,1,"['allergy', 'asthma', 'inhalant', 'rhinitis', 'skin prick test']"
Turkey,26643499700,14056134900,2018,1,['']
Turkey,26643499700,12645157700,2018,1,['']
Turkey,6602702947,14056134900,2018,1,['']
Turkey,6602702947,12645157700,2018,1,['']
Turkey,6602702947,12778353500,2008,1,"['ARIA', 'Asthma', 'Guideline', 'Management', 'Rhinitis']"
Turkey,6602702947,12778353500,2010,1,"['ARIA', 'asthma', 'EAACI', 'EFA', 'IPCRG', 'rhinitis']"
Turkey,26643499700,6506815732,2012,1,"['allergy', 'asthma', 'inhalant', 'rhinitis', 'skin prick test']"
Turkey,26643499700,14056134900,2018,1,['']
Turkey,26643499700,12645157700,2018,1,['']
Turkey,7005211241,6602244946,2009,1,"['Biomonitoring', 'Evaluation procedures', 'Spatiotemporal analyses', 'Statistics']"
Turkey,7005211241,6602244946,2010,1,"['Biomonitoring', 'Cadmium', 'Correlation analysis', 'Deposition', 'Lead', 'Mercury', 'Moss']"
Turkey,6602244946,22733447600,2010,1,"['Biomonitoring', 'EMEP maps', 'Heavy metals', 'Metal deposition', 'Moss survey']"
Turkey,6602244946,22733447600,2012,1,"['Biomonitoring', 'Bryophytes', 'EMEP', 'Heavy metals', 'Metal deposition']"
Finland,34573947500,14056134900,2018,1,['']
Finland,34573947500,12645157700,2017,2,"['Allergic rhinitis', 'practice guideline', 'Advocacy', 'Allergy', 'Asthma', 'EUFOREA', 'Mobile health technology']"
Finland,34573947500,12645157700,2018,1,['']
Finland,34573947500,12778353500,2008,1,"['ARIA', 'Asthma', 'Guideline', 'Management', 'Rhinitis']"
Finland,34573947500,12778353500,2010,1,"['ARIA', 'asthma', 'EAACI', 'EFA', 'IPCRG', 'rhinitis']"
Finland,7004531314,6506815732,2012,1,"['allergy', 'asthma', 'inhalant', 'rhinitis', 'skin prick test']"
Finland,7004531314,14056134900,2018,1,['']
Finland,7004531314,12645157700,2017,1,"['Advocacy', 'Allergy', 'Asthma', 'EUFOREA', 'Mobile health technology']"
Finland,7004531314,12645157700,2018,1,['']
Finland,57204792584,6701428051,2018,1,"['epidemiology', 'gender', 'obesity', 'sleep-disordered breathing']"
Finland,6701740640,7103195317,2017,1,['']
Finland,6701740640,7103195317,2018,1,"['Europe', 'Financial crisis', 'Health inequalities', 'Morbidity', 'Mortality']"
Finland,34573947500,14056134900,2018,1,['']
Finland,34573947500,12645157700,2017,2,"['Allergic rhinitis', 'practice guideline', 'Advocacy', 'Allergy', 'Asthma', 'EUFOREA', 'Mobile health technology']"
Finland,34573947500,12645157700,2018,1,['']
Finland,34573947500,12778353500,2008,1,"['ARIA', 'Asthma', 'Guideline', 'Management', 'Rhinitis']"
Finland,34573947500,12778353500,2010,1,"['ARIA', 'asthma', 'EAACI', 'EFA', 'IPCRG', 'rhinitis']"
Finland,7004531314,6506815732,2012,1,"['allergy', 'asthma', 'inhalant', 'rhinitis', 'skin prick test']"
Finland,7004531314,14056134900,2018,1,['']
Finland,7004531314,12645157700,2017,1,"['Advocacy', 'Allergy', 'Asthma', 'EUFOREA', 'Mobile health technology']"
Finland,7004531314,12645157700,2018,1,['']
Finland,6603227789,6602244946,2009,1,"['Biomonitoring', 'Evaluation procedures', 'Spatiotemporal analyses', 'Statistics']"
Finland,6603227789,6602244946,2010,2,"['Biomonitoring', 'EMEP maps', 'Heavy metals', 'Metal deposition', 'Moss survey', 'Biomonitoring', 'Cadmium', 'Correlation analysis', 'Deposition', 'Lead', 'Mercury', 'Moss']"
Finland,6602469109,6602244946,2012,1,"['Biomonitoring', 'Bryophytes', 'EMEP', 'Heavy metals', 'Metal deposition']"
Finland,6602244946,6603027327,2009,1,"['Biomonitoring', 'Evaluation procedures', 'Spatiotemporal analyses', 'Statistics']"
Finland,6602244946,6603027327,2010,2,"['Biomonitoring', 'EMEP maps', 'Heavy metals', 'Metal deposition', 'Moss survey', 'Biomonitoring', 'Cadmium', 'Correlation analysis', 'Deposition', 'Lead', 'Mercury', 'Moss']"
Finland,6602244946,6603027327,2012,1,"['Biomonitoring', 'Bryophytes', 'EMEP', 'Heavy metals', 'Metal deposition']"
Slovenia,16205532800,12645157700,2017,1,"['Allergic rhinitis', 'practice guideline']"
Slovenia,6701740640,23968921200,2008,1,['']
Slovenia,6701740640,23968921200,2018,1,"['Europe', 'Financial crisis', 'Health inequalities', 'Morbidity', 'Mortality']"
Slovenia,23968921200,35584466700,2008,1,['']
Slovenia,16205532800,12645157700,2017,1,"['Allergic rhinitis', 'practice guideline']"
Slovenia,23388971700,55879637700,2011,1,"['Business performance', 'Fraud management', 'Fraud management system', 'Fraud management system development', 'Key performance indicators', 'Motor insurance']"
Slovenia,55879637700,55653657800,2017,1,"['Efficiency increase', 'Framework for information system due diligence', 'Information system', 'Information system due diligence', 'Time reduction']"
Slovenia,55879637700,15769554200,2013,1,"['entity resolution', 'ontologies', 'redundancy elimination', 'semantic elevation', 'trust']"
Slovenia,55879637700,55386991900,2013,1,"['entity resolution', 'ontologies', 'redundancy elimination', 'semantic elevation', 'trust']"
Slovenia,55879637700,36451276700,2013,1,"['entity resolution', 'ontologies', 'redundancy elimination', 'semantic elevation', 'trust']"
Slovenia,6505787924,14833138300,2007,1,"['Central and eastern Europe', 'Economics', 'Gender attitudes']"
Slovenia,14833138300,14832977900,2007,1,"['Central and eastern Europe', 'Economics', 'Gender attitudes']"
United Kingdom,7006755479,12645157700,2008,1,"['Asthma', 'Episodic viral wheeze', 'Inhaled corticosteroids', 'Montelukast', 'Multiple-trigger wheeze']"
United Kingdom,7006755479,12778353500,2010,1,"['ARIA', 'asthma', 'EAACI', 'EFA', 'IPCRG', 'rhinitis']"
United Kingdom,7201882795,12645157700,2008,1,"['Asthma', 'Episodic viral wheeze', 'Inhaled corticosteroids', 'Montelukast', 'Multiple-trigger wheeze']"
United Kingdom,7201882795,12645157700,2014,1,['']
United Kingdom,6506815732,35354006800,2007,1,"['Diagnosis', 'Food allergy', 'IgE', 'Skin tests']"
United Kingdom,6506815732,35354006800,2012,2,"['allergy', 'asthma', 'inhalant', 'rhinitis', 'skin prick test', 'Birth cohort', 'Europe', 'EuroPrevall', 'Food allergy', 'Food hypersensitivity']"
United Kingdom,6506815732,35354006800,2013,1,"['Actinidin', 'allergens', 'component resolved diagnosis', 'diagnosis', 'food allergy', 'ImmunoCAP', 'kiwifruit', 'skin prick test']"
United Kingdom,6506815732,35354006800,2014,1,"['adults', 'Europe', 'food hypersensitivity', 'microarray analysis', 'prevalence']"
United Kingdom,6506815732,35354006800,2015,4,"['component-resolved diagnosis', 'food allergy', 'food challenge', 'peanut', 'threshold dose', 'allergy', 'celeriac', 'EuroPrevall', 'fish', 'Food', 'hazelnut', 'peanut', 'shrimp', 'threshold', '', 'birth cohort study', ""cow's milk allergy"", 'EuroPrevall', 'food allergy', 'incidence']"
United Kingdom,6506815732,35354006800,2016,1,"['children', 'egg allergy', 'epidemiology']"
United Kingdom,6506815732,35354006800,2017,1,"['decision-making', 'double-blind method', 'food hypersensitivity', 'oral food challenge', 'symptom assessment']"
United Kingdom,6506815732,35354006800,2018,1,"['data collection', 'decision-making', 'diagnostic techniques and procedures', 'food hypersensitivity', 'observer variation']"
United Kingdom,6506815732,8531477800,2012,1,"['allergy', 'asthma', 'inhalant', 'rhinitis', 'skin prick test']"
United Kingdom,6506815732,35351287700,2012,1,"['allergy', 'asthma', 'inhalant', 'rhinitis', 'skin prick test']"
United Kingdom,14056134900,35354006800,2009,1,"['DAHD', 'Database', 'Drug allergy', 'ENDA', 'GA2LEN']"
United Kingdom,14056134900,35354006800,2018,1,['']
United Kingdom,14056134900,8531477800,2018,2,"['', 'App', 'ARIA', 'Asthma', 'Care pathways', 'MASK', 'mHealth', 'Rhinitis']"
United Kingdom,35354006800,12645157700,2017,1,"['Allergic rhinitis', 'practice guideline']"
United Kingdom,35354006800,12645157700,2018,1,['']
United Kingdom,35354006800,12778353500,2008,1,"['ARIA', 'Asthma', 'Guideline', 'Management', 'Rhinitis']"
United Kingdom,35354006800,12778353500,2010,1,"['ARIA', 'asthma', 'EAACI', 'EFA', 'IPCRG', 'rhinitis']"
United Kingdom,8531477800,12645157700,2017,1,"['Allergic rhinitis', 'practice guideline']"
United Kingdom,8531477800,12645157700,2018,2,"['', 'App', 'ARIA', 'Asthma', 'Care pathways', 'MASK', 'mHealth', 'Rhinitis']"
United Kingdom,8531477800,12778353500,2010,1,"['ARIA', 'asthma', 'EAACI', 'EFA', 'IPCRG', 'rhinitis']"
United Kingdom,8531477800,12778353500,2018,1,"['App', 'ARIA', 'Asthma', 'Care pathways', 'MASK', 'mHealth', 'Rhinitis']"
United Kingdom,12778353500,7401781716,2008,1,"['ARIA', 'Asthma', 'Guideline', 'Management', 'Rhinitis']"
United Kingdom,12778353500,7401781716,2010,1,"['ARIA', 'asthma', 'EAACI', 'EFA', 'IPCRG', 'rhinitis']"
United Kingdom,6602165829,57204792584,2018,1,"['epidemiology', 'gender', 'obesity', 'sleep-disordered breathing']"
United Kingdom,8513491500,6701740640,2008,1,['']
United Kingdom,8513491500,35584466700,2008,1,['']
United Kingdom,56624195200,12645157700,2017,1,"['Advocacy', 'Allergy', 'Asthma', 'EUFOREA', 'Mobile health technology']"
United Kingdom,7006755479,12645157700,2008,1,"['Asthma', 'Episodic viral wheeze', 'Inhaled corticosteroids', 'Montelukast', 'Multiple-trigger wheeze']"
United Kingdom,7006755479,12778353500,2010,1,"['ARIA', 'asthma', 'EAACI', 'EFA', 'IPCRG', 'rhinitis']"
United Kingdom,6506815732,35354006800,2007,1,"['Diagnosis', 'Food allergy', 'IgE', 'Skin tests']"
United Kingdom,6506815732,35354006800,2012,2,"['allergy', 'asthma', 'inhalant', 'rhinitis', 'skin prick test', 'Birth cohort', 'Europe', 'EuroPrevall', 'Food allergy', 'Food hypersensitivity']"
United Kingdom,6506815732,35354006800,2013,1,"['Actinidin', 'allergens', 'component resolved diagnosis', 'diagnosis', 'food allergy', 'ImmunoCAP', 'kiwifruit', 'skin prick test']"
United Kingdom,6506815732,35354006800,2014,1,"['adults', 'Europe', 'food hypersensitivity', 'microarray analysis', 'prevalence']"
United Kingdom,6506815732,35354006800,2015,4,"['component-resolved diagnosis', 'food allergy', 'food challenge', 'peanut', 'threshold dose', 'allergy', 'celeriac', 'EuroPrevall', 'fish', 'Food', 'hazelnut', 'peanut', 'shrimp', 'threshold', '', 'birth cohort study', ""cow's milk allergy"", 'EuroPrevall', 'food allergy', 'incidence']"
United Kingdom,6506815732,35354006800,2016,1,"['children', 'egg allergy', 'epidemiology']"
United Kingdom,6506815732,35354006800,2017,1,"['decision-making', 'double-blind method', 'food hypersensitivity', 'oral food challenge', 'symptom assessment']"
United Kingdom,6506815732,35354006800,2018,1,"['data collection', 'decision-making', 'diagnostic techniques and procedures', 'food hypersensitivity', 'observer variation']"
United Kingdom,6506815732,8531477800,2012,1,"['allergy', 'asthma', 'inhalant', 'rhinitis', 'skin prick test']"
United Kingdom,14056134900,35354006800,2009,1,"['DAHD', 'Database', 'Drug allergy', 'ENDA', 'GA2LEN']"
United Kingdom,14056134900,35354006800,2018,1,['']
United Kingdom,14056134900,8531477800,2018,2,"['', 'App', 'ARIA', 'Asthma', 'Care pathways', 'MASK', 'mHealth', 'Rhinitis']"
United Kingdom,14056134900,7202522962,2018,1,"['App', 'ARIA', 'Asthma', 'Care pathways', 'MASK', 'mHealth', 'Rhinitis']"
United Kingdom,35354006800,12645157700,2017,1,"['Allergic rhinitis', 'practice guideline']"
United Kingdom,35354006800,12645157700,2018,1,['']
United Kingdom,35354006800,12778353500,2008,1,"['ARIA', 'Asthma', 'Guideline', 'Management', 'Rhinitis']"
United Kingdom,35354006800,12778353500,2010,1,"['ARIA', 'asthma', 'EAACI', 'EFA', 'IPCRG', 'rhinitis']"
United Kingdom,8531477800,12645157700,2017,1,"['Allergic rhinitis', 'practice guideline']"
United Kingdom,8531477800,12645157700,2018,2,"['', 'App', 'ARIA', 'Asthma', 'Care pathways', 'MASK', 'mHealth', 'Rhinitis']"
United Kingdom,8531477800,12778353500,2010,1,"['ARIA', 'asthma', 'EAACI', 'EFA', 'IPCRG', 'rhinitis']"
United Kingdom,8531477800,12778353500,2018,1,"['App', 'ARIA', 'Asthma', 'Care pathways', 'MASK', 'mHealth', 'Rhinitis']"
United Kingdom,12645157700,7202522962,2017,1,"['Allergic rhinitis', 'practice guideline']"
United Kingdom,12645157700,7202522962,2018,1,"['App', 'ARIA', 'Asthma', 'Care pathways', 'MASK', 'mHealth', 'Rhinitis']"
United Kingdom,12645157700,26023934300,2008,1,"['Asthma', 'Episodic viral wheeze', 'Inhaled corticosteroids', 'Montelukast', 'Multiple-trigger wheeze']"
United Kingdom,12645157700,7102414220,2008,1,"['Asthma', 'Episodic viral wheeze', 'Inhaled corticosteroids', 'Montelukast', 'Multiple-trigger wheeze']"
United Kingdom,7202522962,12778353500,2018,1,"['App', 'ARIA', 'Asthma', 'Care pathways', 'MASK', 'mHealth', 'Rhinitis']"
United Kingdom,12778353500,7401781716,2008,1,"['ARIA', 'Asthma', 'Guideline', 'Management', 'Rhinitis']"
United Kingdom,12778353500,7401781716,2010,1,"['ARIA', 'asthma', 'EAACI', 'EFA', 'IPCRG', 'rhinitis']"
United Kingdom,26633733900,6602486648,2016,1,"['Genetics', 'Performance', 'Sports genomics']"
United Kingdom,35120595000,6602244946,2010,1,"['Biomonitoring', 'EMEP maps', 'Heavy metals', 'Metal deposition', 'Moss survey']"
United Kingdom,6603340986,6602244946,2009,1,"['Biomonitoring', 'Evaluation procedures', 'Spatiotemporal analyses', 'Statistics']"
United Kingdom,6603340986,6602244946,2010,2,"['Biomonitoring', 'EMEP maps', 'Heavy metals', 'Metal deposition', 'Moss survey', 'Biomonitoring', 'Cadmium', 'Correlation analysis', 'Deposition', 'Lead', 'Mercury', 'Moss']"
United Kingdom,6603340986,6602244946,2012,1,"['Biomonitoring', 'Bryophytes', 'EMEP', 'Heavy metals', 'Metal deposition']"
Poland,7103377053,6506815732,2007,1,"['Diagnosis', 'Food allergy', 'IgE', 'Skin tests']"
Poland,7103377053,6506815732,2009,1,"['Adults', 'Children', 'EuroPrevall', 'Food allergy', 'Methods']"
Poland,7103377053,6506815732,2012,2,"['allergy', 'asthma', 'inhalant', 'rhinitis', 'skin prick test', 'Birth cohort', 'Europe', 'EuroPrevall', 'Food allergy', 'Food hypersensitivity']"
Poland,7103377053,6506815732,2013,1,"['Actinidin', 'allergens', 'component resolved diagnosis', 'diagnosis', 'food allergy', 'ImmunoCAP', 'kiwifruit', 'skin prick test']"
Poland,7103377053,6506815732,2014,1,"['adults', 'Europe', 'food hypersensitivity', 'microarray analysis', 'prevalence']"
Poland,7103377053,6506815732,2015,4,"['component-resolved diagnosis', 'food allergy', 'food challenge', 'peanut', 'threshold dose', 'cross-sectional', 'EuroPrevall', 'food allergy', 'methods', 'outpatient clinic', 'allergy', 'celeriac', 'EuroPrevall', 'fish', 'Food', 'hazelnut', 'peanut', 'shrimp', 'threshold', '']"
Poland,7103377053,6506815732,2016,1,"['children', 'egg allergy', 'epidemiology']"
Poland,7103377053,6506815732,2017,1,"['decision-making', 'double-blind method', 'food hypersensitivity', 'oral food challenge', 'symptom assessment']"
Poland,7103377053,6506815732,2018,2,"['data collection', 'decision-making', 'diagnostic techniques and procedures', 'food hypersensitivity', 'observer variation', 'asthma epidemiology', 'paediatric asthma']"
Poland,7103377053,14056134900,2009,1,"['DAHD', 'Database', 'Drug allergy', 'ENDA', 'GA2LEN']"
Poland,7103377053,12778353500,2010,1,"['ARIA', 'asthma', 'EAACI', 'EFA', 'IPCRG', 'rhinitis']"
Poland,57194529979,6506815732,2012,1,"['allergy', 'asthma', 'inhalant', 'rhinitis', 'skin prick test']"
Poland,57194529979,14056134900,2018,2,"['', 'App', 'ARIA', 'Asthma', 'Care pathways', 'MASK', 'mHealth', 'Rhinitis']"
Poland,57194529979,12645157700,2017,1,"['Allergic rhinitis', 'practice guideline']"
Poland,57194529979,12645157700,2018,2,"['', 'App', 'ARIA', 'Asthma', 'Care pathways', 'MASK', 'mHealth', 'Rhinitis']"
Poland,57194529979,12778353500,2010,1,"['ARIA', 'asthma', 'EAACI', 'EFA', 'IPCRG', 'rhinitis']"
Poland,57194529979,12778353500,2018,1,"['App', 'ARIA', 'Asthma', 'Care pathways', 'MASK', 'mHealth', 'Rhinitis']"
Poland,7006421186,14056134900,2018,1,['']
Poland,7006421186,12645157700,2017,1,"['Allergic rhinitis', 'practice guideline']"
Poland,7006421186,12645157700,2018,1,['']
Poland,7006421186,12778353500,2010,1,"['ARIA', 'asthma', 'EAACI', 'EFA', 'IPCRG', 'rhinitis']"
Poland,57204792584,35421031800,2018,1,"['epidemiology', 'gender', 'obesity', 'sleep-disordered breathing']"
Poland,6701740640,7006364280,2008,1,['']
Poland,6701740640,7006364280,2018,1,"['Europe', 'Financial crisis', 'Health inequalities', 'Morbidity', 'Mortality']"
Poland,7006364280,35584466700,2008,1,['']
Poland,7103377053,6506815732,2007,1,"['Diagnosis', 'Food allergy', 'IgE', 'Skin tests']"
Poland,7103377053,6506815732,2009,1,"['Adults', 'Children', 'EuroPrevall', 'Food allergy', 'Methods']"
Poland,7103377053,6506815732,2012,2,"['allergy', 'asthma', 'inhalant', 'rhinitis', 'skin prick test', 'Birth cohort', 'Europe', 'EuroPrevall', 'Food allergy', 'Food hypersensitivity']"
Poland,7103377053,6506815732,2013,1,"['Actinidin', 'allergens', 'component resolved diagnosis', 'diagnosis', 'food allergy', 'ImmunoCAP', 'kiwifruit', 'skin prick test']"
Poland,7103377053,6506815732,2014,1,"['adults', 'Europe', 'food hypersensitivity', 'microarray analysis', 'prevalence']"
Poland,7103377053,6506815732,2015,4,"['component-resolved diagnosis', 'food allergy', 'food challenge', 'peanut', 'threshold dose', 'cross-sectional', 'EuroPrevall', 'food allergy', 'methods', 'outpatient clinic', 'allergy', 'celeriac', 'EuroPrevall', 'fish', 'Food', 'hazelnut', 'peanut', 'shrimp', 'threshold', '']"
Poland,7103377053,6506815732,2016,1,"['children', 'egg allergy', 'epidemiology']"
Poland,7103377053,6506815732,2017,1,"['decision-making', 'double-blind method', 'food hypersensitivity', 'oral food challenge', 'symptom assessment']"
Poland,7103377053,6506815732,2018,2,"['data collection', 'decision-making', 'diagnostic techniques and procedures', 'food hypersensitivity', 'observer variation', 'asthma epidemiology', 'paediatric asthma']"
Poland,7103377053,14056134900,2009,1,"['DAHD', 'Database', 'Drug allergy', 'ENDA', 'GA2LEN']"
Poland,7103377053,12778353500,2010,1,"['ARIA', 'asthma', 'EAACI', 'EFA', 'IPCRG', 'rhinitis']"
Poland,57194529979,6506815732,2012,1,"['allergy', 'asthma', 'inhalant', 'rhinitis', 'skin prick test']"
Poland,57194529979,14056134900,2018,2,"['', 'App', 'ARIA', 'Asthma', 'Care pathways', 'MASK', 'mHealth', 'Rhinitis']"
Poland,57194529979,12645157700,2017,1,"['Allergic rhinitis', 'practice guideline']"
Poland,57194529979,12645157700,2018,2,"['', 'App', 'ARIA', 'Asthma', 'Care pathways', 'MASK', 'mHealth', 'Rhinitis']"
Poland,57194529979,12778353500,2010,1,"['ARIA', 'asthma', 'EAACI', 'EFA', 'IPCRG', 'rhinitis']"
Poland,57194529979,12778353500,2018,1,"['App', 'ARIA', 'Asthma', 'Care pathways', 'MASK', 'mHealth', 'Rhinitis']"
Poland,7006421186,14056134900,2018,1,['']
Poland,7006421186,12645157700,2017,1,"['Allergic rhinitis', 'practice guideline']"
Poland,7006421186,12645157700,2018,1,['']
Poland,7006421186,12778353500,2010,1,"['ARIA', 'asthma', 'EAACI', 'EFA', 'IPCRG', 'rhinitis']"
Poland,6507096725,14833138300,2007,1,"['Central and eastern Europe', 'Economics', 'Gender attitudes']"
Poland,6701363782,6602244946,2009,1,"['Biomonitoring', 'Evaluation procedures', 'Spatiotemporal analyses', 'Statistics']"
Poland,6701363782,6602244946,2010,2,"['Biomonitoring', 'EMEP maps', 'Heavy metals', 'Metal deposition', 'Moss survey', 'Biomonitoring', 'Cadmium', 'Correlation analysis', 'Deposition', 'Lead', 'Mercury', 'Moss']"
Poland,35217842300,6602244946,2009,1,"['Biomonitoring', 'Evaluation procedures', 'Spatiotemporal analyses', 'Statistics']"
Poland,35217842300,6602244946,2010,2,"['Biomonitoring', 'EMEP maps', 'Heavy metals', 'Metal deposition', 'Moss survey', 'Biomonitoring', 'Cadmium', 'Correlation analysis', 'Deposition', 'Lead', 'Mercury', 'Moss']"
Poland,35217842300,6602244946,2012,1,"['Biomonitoring', 'Bryophytes', 'EMEP', 'Heavy metals', 'Metal deposition']"
Poland,6603914565,6602244946,2012,1,"['Biomonitoring', 'Bryophytes', 'EMEP', 'Heavy metals', 'Metal deposition']"
Poland,57190343767,56719707600,2019,1,['']
Poland,7003503553,56719707600,2019,1,['']
Belgium,7004677311,12778353500,2008,1,"['ARIA', 'Asthma', 'Guideline', 'Management', 'Rhinitis']"
Belgium,6506815732,7102663930,2012,1,"['allergy', 'asthma', 'inhalant', 'rhinitis', 'skin prick test']"
Belgium,14056134900,7102663930,2018,1,['']
Belgium,7102663930,12645157700,2017,2,"['Allergic rhinitis', 'practice guideline', 'Advocacy', 'Allergy', 'Asthma', 'EUFOREA', 'Mobile health technology']"
Belgium,7102663930,12645157700,2018,1,['']
Belgium,57193984806,12778353500,2010,1,"['ARIA', 'asthma', 'EAACI', 'EFA', 'IPCRG', 'rhinitis']"
Belgium,12645157700,7004215789,2017,2,"['Allergic rhinitis', 'practice guideline', 'Advocacy', 'Allergy', 'Asthma', 'EUFOREA', 'Mobile health technology']"
Belgium,6602942632,56689814500,2008,1,"['Composite fermions', 'Quantum dots', 'Wigner crystal']"
Belgium,6701740640,6506604441,2018,1,"['Europe', 'Financial crisis', 'Health inequalities', 'Morbidity', 'Mortality']"
Belgium,7102353943,12645157700,2017,1,"['Advocacy', 'Allergy', 'Asthma', 'EUFOREA', 'Mobile health technology']"
Belgium,7004677311,12778353500,2008,1,"['ARIA', 'Asthma', 'Guideline', 'Management', 'Rhinitis']"
Belgium,6506815732,7102663930,2012,1,"['allergy', 'asthma', 'inhalant', 'rhinitis', 'skin prick test']"
Belgium,14056134900,7102663930,2018,1,['']
Belgium,7102663930,12645157700,2017,2,"['Allergic rhinitis', 'practice guideline', 'Advocacy', 'Allergy', 'Asthma', 'EUFOREA', 'Mobile health technology']"
Belgium,7102663930,12645157700,2018,1,['']
Belgium,57193984806,12778353500,2010,1,"['ARIA', 'asthma', 'EAACI', 'EFA', 'IPCRG', 'rhinitis']"
Belgium,12645157700,7004215789,2017,2,"['Allergic rhinitis', 'practice guideline', 'Advocacy', 'Allergy', 'Asthma', 'EUFOREA', 'Mobile health technology']"
Belgium,18040457300,18038877600,2010,1,"['assessment', 'health-related quality of life', 'international', 'multi-centre study', 'QOLIBRI', 'Traumatic brain injury']"
Belgium,55851201800,6602244946,2009,1,"['Biomonitoring', 'Evaluation procedures', 'Spatiotemporal analyses', 'Statistics']"
Belgium,55851201800,6602244946,2010,2,"['Biomonitoring', 'EMEP maps', 'Heavy metals', 'Metal deposition', 'Moss survey', 'Biomonitoring', 'Cadmium', 'Correlation analysis', 'Deposition', 'Lead', 'Mercury', 'Moss']"
Belgium,55851201800,6602244946,2012,1,"['Biomonitoring', 'Bryophytes', 'EMEP', 'Heavy metals', 'Metal deposition']"
Norway,55344336600,6506815732,2012,1,"['allergy', 'asthma', 'inhalant', 'rhinitis', 'skin prick test']"
Norway,53164284100,57204792584,2018,1,"['epidemiology', 'gender', 'obesity', 'sleep-disordered breathing']"
Norway,6701740640,7004905313,2008,1,['']
Norway,35584466700,7004905313,2008,1,['']
Norway,55344336600,6506815732,2012,1,"['allergy', 'asthma', 'inhalant', 'rhinitis', 'skin prick test']"
Norway,35501688000,6602244946,2009,1,"['Biomonitoring', 'Evaluation procedures', 'Spatiotemporal analyses', 'Statistics']"
Norway,35501688000,6602244946,2010,2,"['Biomonitoring', 'EMEP maps', 'Heavy metals', 'Metal deposition', 'Moss survey', 'Biomonitoring', 'Cadmium', 'Correlation analysis', 'Deposition', 'Lead', 'Mercury', 'Moss']"
Norway,35501688000,6602244946,2012,1,"['Biomonitoring', 'Bryophytes', 'EMEP', 'Heavy metals', 'Metal deposition']"
Japan,7403540192,6506815732,2012,1,"['allergy', 'asthma', 'inhalant', 'rhinitis', 'skin prick test']"
Japan,7403540192,12645157700,2017,1,"['Allergic rhinitis', 'practice guideline']"
Japan,7403540192,6506815732,2012,1,"['allergy', 'asthma', 'inhalant', 'rhinitis', 'skin prick test']"
Japan,7403540192,12645157700,2017,1,"['Allergic rhinitis', 'practice guideline']"
Germany,35292287200,6506815732,2012,1,"['Birth cohort', 'Europe', 'EuroPrevall', 'Food allergy', 'Food hypersensitivity']"
Germany,35292287200,6506815732,2014,1,"['Folic acid', 'Iron', 'Pregnancy recommendations', 'Vitamin D']"
Germany,35292287200,6506815732,2015,1,"['birth cohort study', ""cow's milk allergy"", 'EuroPrevall', 'food allergy', 'incidence']"
Germany,35292287200,6506815732,2016,1,"['children', 'egg allergy', 'epidemiology']"
Germany,35292287200,6506815732,2017,1,"['decision-making', 'double-blind method', 'food hypersensitivity', 'oral food challenge', 'symptom assessment']"
Germany,35292287200,6506815732,2018,1,"['data collection', 'decision-making', 'diagnostic techniques and procedures', 'food hypersensitivity', 'observer variation']"
Germany,6506815732,7004554588,2012,1,"['allergy', 'asthma', 'inhalant', 'rhinitis', 'skin prick test']"
Germany,6506815732,13403884000,2017,1,"['decision-making', 'double-blind method', 'food hypersensitivity', 'oral food challenge', 'symptom assessment']"
Germany,6506815732,13403884000,2018,1,"['data collection', 'decision-making', 'diagnostic techniques and procedures', 'food hypersensitivity', 'observer variation']"
Germany,14056134900,7004554588,2009,1,"['DAHD', 'Database', 'Drug allergy', 'ENDA', 'GA2LEN']"
Germany,12645157700,7004554588,2017,1,"['Allergic rhinitis', 'practice guideline']"
Germany,12778353500,13403884000,2008,1,"['ARIA', 'Asthma', 'Guideline', 'Management', 'Rhinitis']"
Germany,12778353500,13403884000,2010,1,"['ARIA', 'asthma', 'EAACI', 'EFA', 'IPCRG', 'rhinitis']"
Germany,12778353500,7102576614,2008,1,"['ARIA', 'Asthma', 'Guideline', 'Management', 'Rhinitis']"
Germany,12778353500,7102576614,2010,1,"['ARIA', 'asthma', 'EAACI', 'EFA', 'IPCRG', 'rhinitis']"
Germany,7005360676,57204792584,2018,1,"['epidemiology', 'gender', 'obesity', 'sleep-disordered breathing']"
Germany,7004599010,57204792584,2018,1,"['epidemiology', 'gender', 'obesity', 'sleep-disordered breathing']"
Germany,57203557092,57204792584,2018,1,"['epidemiology', 'gender', 'obesity', 'sleep-disordered breathing']"
Germany,7006545923,8947481500,2014,1,"['Clinical Trial', 'Drug', 'Keywords', 'Microscopic Colitis', 'Therapy']"
Germany,7006545923,8947481500,2016,1,['']
Germany,55392749600,8947481500,2016,1,['']
Germany,55641438500,8947481500,2016,1,['']
Germany,24177493900,8947481500,2016,1,['']
Germany,8947481500,56457627100,2016,1,['']
Germany,8947481500,7005422566,2014,1,"['Clinical Trial', 'Drug', 'Keywords', 'Microscopic Colitis', 'Therapy']"
Germany,8947481500,7005422566,2018,1,"['5-Aminosalicylic Acid', 'Corticosteroid', 'Intraepithelial Lymphocytes', 'Microscopic Colitis']"
Germany,7102193687,6603806146,1997,1,['']
Germany,6701852874,6603806146,1997,2,"['', '']"
Germany,6701852874,6603806146,1998,1,['']
Germany,6701852874,6603806146,1999,1,"['Bloch Oscillations', 'GaAs/AIGaAs Superlattices', 'Ultrafast Spectroscopy']"
Germany,6603801318,6603806146,1997,1,['']
Germany,6603801318,6603806146,1998,1,['']
Germany,6603801318,6603806146,1999,1,"['Bloch Oscillations', 'GaAs/AIGaAs Superlattices', 'Ultrafast Spectroscopy']"
Germany,6602859239,6603806146,1997,2,"['', '']"
Germany,6602859239,6603806146,1998,1,['']
Germany,6602859239,6603806146,1999,1,['']
Germany,7004023074,6603806146,1997,2,"['', '']"
Germany,7004023074,6603806146,1998,1,['']
Germany,7004023074,6603806146,1999,1,"['Bloch Oscillations', 'GaAs/AIGaAs Superlattices', 'Ultrafast Spectroscopy']"
Germany,7202888632,6603806146,1997,1,['']
Germany,7202888632,6603806146,1998,1,['']
Germany,7202888632,6603806146,1999,1,"['Bloch Oscillations', 'GaAs/AIGaAs Superlattices', 'Ultrafast Spectroscopy']"
Germany,35429595700,6506815732,2012,1,"['allergy', 'asthma', 'inhalant', 'rhinitis', 'skin prick test']"
Germany,35429595700,14056134900,2018,1,['']
Germany,35429595700,12645157700,2018,1,['']
Germany,35292287200,6506815732,2012,1,"['Birth cohort', 'Europe', 'EuroPrevall', 'Food allergy', 'Food hypersensitivity']"
Germany,35292287200,6506815732,2014,1,"['Folic acid', 'Iron', 'Pregnancy recommendations', 'Vitamin D']"
Germany,35292287200,6506815732,2015,1,"['birth cohort study', ""cow's milk allergy"", 'EuroPrevall', 'food allergy', 'incidence']"
Germany,35292287200,6506815732,2016,1,"['children', 'egg allergy', 'epidemiology']"
Germany,35292287200,6506815732,2017,1,"['decision-making', 'double-blind method', 'food hypersensitivity', 'oral food challenge', 'symptom assessment']"
Germany,35292287200,6506815732,2018,1,"['data collection', 'decision-making', 'diagnostic techniques and procedures', 'food hypersensitivity', 'observer variation']"
Germany,6506815732,7004554588,2012,1,"['allergy', 'asthma', 'inhalant', 'rhinitis', 'skin prick test']"
Germany,14056134900,7004554588,2009,1,"['DAHD', 'Database', 'Drug allergy', 'ENDA', 'GA2LEN']"
Germany,12645157700,7004554588,2017,1,"['Allergic rhinitis', 'practice guideline']"
Germany,12778353500,7102576614,2008,1,"['ARIA', 'Asthma', 'Guideline', 'Management', 'Rhinitis']"
Germany,12778353500,7102576614,2010,1,"['ARIA', 'asthma', 'EAACI', 'EFA', 'IPCRG', 'rhinitis']"
Germany,24399886400,55987240800,2010,2,"['Assessment', 'Construction', 'Decision making', 'Equilibrium point', 'Game theory', 'Operation research', 'Site', 'Sustainable', 'Construction', 'Energy consumption', 'Game theory', 'Multi-criteria', 'Strategy']"
Germany,23148421200,55987240800,2008,2,"['Alternatives', 'Decision making', 'MOORA method', 'Multi-objective optimization', 'Road design', 'Alternative', 'MOORA method', 'Multi-objective optimization', 'Road design']"
Germany,11139054200,55987240800,2008,2,"['Alternative', 'MOORA method', 'Multi-objective optimization', 'Road design', 'A wall', 'Game theory', 'Logarithmic', 'Multi-criteria', 'Normalization', 'Of two-sided problem', 'Software']"
Germany,11139054200,55987240800,2009,1,"['Construction', 'Game theory', 'Logarithmic', 'Multi-criteria', 'Normalization', 'Optimization', 'Software', 'Two-sided problem']"
Germany,11139054200,55987240800,2010,1,"['Construction', 'Energy consumption', 'Game theory', 'Multi-criteria', 'Strategy']"
Germany,36142133400,55987240800,2010,1,"['Construction', 'Energy consumption', 'Game theory', 'Multi-criteria', 'Strategy']"
Germany,35812171500,18038877600,2010,1,"['assessment', 'health-related quality of life', 'international', 'multi-centre study', 'QOLIBRI', 'Traumatic brain injury']"
Germany,8254231700,6602244946,2009,1,"['Biomonitoring', 'Evaluation procedures', 'Spatiotemporal analyses', 'Statistics']"
Germany,8254231700,6602244946,2010,2,"['Biomonitoring', 'EMEP maps', 'Heavy metals', 'Metal deposition', 'Moss survey', 'Biomonitoring', 'Cadmium', 'Correlation analysis', 'Deposition', 'Lead', 'Mercury', 'Moss']"
Germany,8254231700,6602244946,2012,1,"['Biomonitoring', 'Bryophytes', 'EMEP', 'Heavy metals', 'Metal deposition']"
Germany,7202192117,6602244946,2009,1,"['Biomonitoring', 'Evaluation procedures', 'Spatiotemporal analyses', 'Statistics']"
Germany,7202192117,6602244946,2010,2,"['Biomonitoring', 'EMEP maps', 'Heavy metals', 'Metal deposition', 'Moss survey', 'Biomonitoring', 'Cadmium', 'Correlation analysis', 'Deposition', 'Lead', 'Mercury', 'Moss']"
Germany,7202192117,6602244946,2012,1,"['Biomonitoring', 'Bryophytes', 'EMEP', 'Heavy metals', 'Metal deposition']"
Germany,26428081400,6602244946,2009,1,"['Biomonitoring', 'Evaluation procedures', 'Spatiotemporal analyses', 'Statistics']"
Germany,26428081400,6602244946,2010,1,"['Biomonitoring', 'Cadmium', 'Correlation analysis', 'Deposition', 'Lead', 'Mercury', 'Moss']"
Pakistan,6506815732,23973974800,2012,1,"['allergy', 'asthma', 'inhalant', 'rhinitis', 'skin prick test']"
Pakistan,23973974800,12778353500,2008,1,"['ARIA', 'Asthma', 'Guideline', 'Management', 'Rhinitis']"
Pakistan,23973974800,12778353500,2010,1,"['ARIA', 'asthma', 'EAACI', 'EFA', 'IPCRG', 'rhinitis']"
Pakistan,6506815732,23973974800,2012,1,"['allergy', 'asthma', 'inhalant', 'rhinitis', 'skin prick test']"
Pakistan,23973974800,12778353500,2008,1,"['ARIA', 'Asthma', 'Guideline', 'Management', 'Rhinitis']"
Pakistan,23973974800,12778353500,2010,1,"['ARIA', 'asthma', 'EAACI', 'EFA', 'IPCRG', 'rhinitis']"
Bulgaria,6506815732,7006088089,2009,1,"['Adults', 'Children', 'EuroPrevall', 'Food allergy', 'Methods']"
Bulgaria,6506815732,7006088089,2013,1,"['Actinidin', 'allergens', 'component resolved diagnosis', 'diagnosis', 'food allergy', 'ImmunoCAP', 'kiwifruit', 'skin prick test']"
Bulgaria,6506815732,7006088089,2014,1,"['adults', 'Europe', 'food hypersensitivity', 'microarray analysis', 'prevalence']"
Bulgaria,6506815732,7006088089,2015,4,"['component-resolved diagnosis', 'food allergy', 'food challenge', 'peanut', 'threshold dose', 'cross-sectional', 'EuroPrevall', 'food allergy', 'methods', 'outpatient clinic', 'allergy', 'celeriac', 'EuroPrevall', 'fish', 'Food', 'hazelnut', 'peanut', 'shrimp', 'threshold', '']"
Bulgaria,12778353500,7006088089,2008,1,"['ARIA', 'Asthma', 'Guideline', 'Management', 'Rhinitis']"
Bulgaria,12778353500,7006088089,2010,1,"['ARIA', 'asthma', 'EAACI', 'EFA', 'IPCRG', 'rhinitis']"
Bulgaria,6506815732,7006088089,2009,1,"['Adults', 'Children', 'EuroPrevall', 'Food allergy', 'Methods']"
Bulgaria,6506815732,7006088089,2013,1,"['Actinidin', 'allergens', 'component resolved diagnosis', 'diagnosis', 'food allergy', 'ImmunoCAP', 'kiwifruit', 'skin prick test']"
Bulgaria,6506815732,7006088089,2014,1,"['adults', 'Europe', 'food hypersensitivity', 'microarray analysis', 'prevalence']"
Bulgaria,6506815732,7006088089,2015,4,"['component-resolved diagnosis', 'food allergy', 'food challenge', 'peanut', 'threshold dose', 'cross-sectional', 'EuroPrevall', 'food allergy', 'methods', 'outpatient clinic', 'allergy', 'celeriac', 'EuroPrevall', 'fish', 'Food', 'hazelnut', 'peanut', 'shrimp', 'threshold', '']"
Bulgaria,12778353500,7006088089,2008,1,"['ARIA', 'Asthma', 'Guideline', 'Management', 'Rhinitis']"
Bulgaria,12778353500,7006088089,2010,1,"['ARIA', 'asthma', 'EAACI', 'EFA', 'IPCRG', 'rhinitis']"
Bulgaria,6602244946,6506141149,2009,1,"['Biomonitoring', 'Evaluation procedures', 'Spatiotemporal analyses', 'Statistics']"
Bulgaria,6602244946,6506141149,2010,2,"['Biomonitoring', 'EMEP maps', 'Heavy metals', 'Metal deposition', 'Moss survey', 'Biomonitoring', 'Cadmium', 'Correlation analysis', 'Deposition', 'Lead', 'Mercury', 'Moss']"
Bulgaria,6602244946,6506141149,2012,1,"['Biomonitoring', 'Bryophytes', 'EMEP', 'Heavy metals', 'Metal deposition']"
Spain,6506815732,55972415400,2012,1,"['allergy', 'asthma', 'inhalant', 'rhinitis', 'skin prick test']"
Spain,14056134900,55972415400,2018,1,['']
Spain,12645157700,55972415400,2017,1,"['Allergic rhinitis', 'practice guideline']"
Spain,12645157700,55972415400,2018,1,['']
Spain,12778353500,55972415400,2010,1,"['ARIA', 'asthma', 'EAACI', 'EFA', 'IPCRG', 'rhinitis']"
Spain,57204792584,7007035883,2018,1,"['epidemiology', 'gender', 'obesity', 'sleep-disordered breathing']"
Spain,57204792584,7006116335,2018,1,"['epidemiology', 'gender', 'obesity', 'sleep-disordered breathing']"
Spain,57200170520,6701740640,2017,1,['']
Spain,57200170520,6701740640,2018,1,"['Europe', 'Financial crisis', 'Health inequalities', 'Morbidity', 'Mortality']"
Spain,6603399212,6701740640,2008,1,['']
Spain,6603399212,35584466700,2008,1,['']
Spain,7005680712,6701740640,2008,1,['']
Spain,7005680712,6701740640,2017,1,['']
Spain,7005680712,6701740640,2018,1,"['Europe', 'Financial crisis', 'Health inequalities', 'Morbidity', 'Mortality']"
Spain,7005680712,35584466700,2008,1,['']
Spain,6701740640,7005748189,2008,1,['']
Spain,6701740640,7005748189,2017,1,['']
Spain,35584466700,7005748189,2008,1,['']
Spain,6506815732,55972415400,2012,1,"['allergy', 'asthma', 'inhalant', 'rhinitis', 'skin prick test']"
Spain,14056134900,55972415400,2018,1,['']
Spain,12645157700,35276323700,2017,1,"['Allergic rhinitis', 'practice guideline']"
Spain,12645157700,55972415400,2017,1,"['Allergic rhinitis', 'practice guideline']"
Spain,12645157700,55972415400,2018,1,['']
Spain,12778353500,55972415400,2010,1,"['ARIA', 'asthma', 'EAACI', 'EFA', 'IPCRG', 'rhinitis']"
Spain,55875698500,56908500300,2018,1,"['Analytical network process', 'Decision Making Trial and Evaluation Laboratory', 'Multi-criteria decision-making', 'Renewable energy']"
Spain,35092318900,6602244946,2009,1,"['Biomonitoring', 'Evaluation procedures', 'Spatiotemporal analyses', 'Statistics']"
Spain,35092318900,6602244946,2010,1,"['Biomonitoring', 'EMEP maps', 'Heavy metals', 'Metal deposition', 'Moss survey']"
Spain,6603569848,6602244946,2012,1,"['Biomonitoring', 'Bryophytes', 'EMEP', 'Heavy metals', 'Metal deposition']"
Spain,36056761100,6602244946,2010,1,"['Biomonitoring', 'Cadmium', 'Correlation analysis', 'Deposition', 'Lead', 'Mercury', 'Moss']"
Spain,6602244946,55680825700,2009,1,"['Biomonitoring', 'Evaluation procedures', 'Spatiotemporal analyses', 'Statistics']"
Spain,6602244946,55680825700,2010,2,"['Biomonitoring', 'EMEP maps', 'Heavy metals', 'Metal deposition', 'Moss survey', 'Biomonitoring', 'Cadmium', 'Correlation analysis', 'Deposition', 'Lead', 'Mercury', 'Moss']"
Spain,6602244946,55680825700,2012,1,"['Biomonitoring', 'Bryophytes', 'EMEP', 'Heavy metals', 'Metal deposition']"
Spain,6602244946,56300433300,2010,1,"['Biomonitoring', 'EMEP maps', 'Heavy metals', 'Metal deposition', 'Moss survey']"
Spain,6602244946,56300433300,2012,1,"['Biomonitoring', 'Bryophytes', 'EMEP', 'Heavy metals', 'Metal deposition']"
Australia Australia,6506815732,7005515688,2012,1,"['allergy', 'asthma', 'inhalant', 'rhinitis', 'skin prick test']"
Australia Australia,14056134900,7005515688,2018,1,['']
Australia Australia,12645157700,7005515688,2017,1,"['Allergic rhinitis', 'practice guideline']"
Australia Australia,12645157700,7005515688,2018,1,['']
Australia Australia,12778353500,7005515688,2010,1,"['ARIA', 'asthma', 'EAACI', 'EFA', 'IPCRG', 'rhinitis']"
Singapore United Kingdom,14056134900,16639449400,2018,1,['']
Singapore United Kingdom,16639449400,12645157700,2018,1,['']
Singapore United Kingdom,16639449400,12778353500,2008,1,"['ARIA', 'Asthma', 'Guideline', 'Management', 'Rhinitis']"
Singapore United Kingdom,16639449400,12778353500,2010,1,"['ARIA', 'asthma', 'EAACI', 'EFA', 'IPCRG', 'rhinitis']"
Singapore United Kingdom,14056134900,16639449400,2018,1,['']
Singapore United Kingdom,16639449400,12645157700,2018,1,['']
Singapore United Kingdom,16639449400,12778353500,2008,1,"['ARIA', 'Asthma', 'Guideline', 'Management', 'Rhinitis']"
Singapore United Kingdom,16639449400,12778353500,2010,1,"['ARIA', 'asthma', 'EAACI', 'EFA', 'IPCRG', 'rhinitis']"
Russian Federation,14522062600,12778353500,2008,1,"['ARIA', 'Asthma', 'Guideline', 'Management', 'Rhinitis']"
Russian Federation,14522062600,12778353500,2010,1,"['ARIA', 'asthma', 'EAACI', 'EFA', 'IPCRG', 'rhinitis']"
Russian Federation,6602731527,14833138300,2007,1,"['Central and eastern Europe', 'Economics', 'Gender attitudes']"
Russian Federation,14832662300,14833138300,2007,1,"['Central and eastern Europe', 'Economics', 'Gender attitudes']"
Russian Federation,14833138300,7202502475,2007,1,"['Central and eastern Europe', 'Economics', 'Gender attitudes']"
Russian Federation,15059945500,6602244946,2009,1,"['Biomonitoring', 'Evaluation procedures', 'Spatiotemporal analyses', 'Statistics']"
Russian Federation,7003449981,6602244946,2009,1,"['Biomonitoring', 'Evaluation procedures', 'Spatiotemporal analyses', 'Statistics']"
Russian Federation,7003449981,6602244946,2010,1,"['Biomonitoring', 'Cadmium', 'Correlation analysis', 'Deposition', 'Lead', 'Mercury', 'Moss']"
Russian Federation,7003449981,6602244946,2012,1,"['Biomonitoring', 'Bryophytes', 'EMEP', 'Heavy metals', 'Metal deposition']"
Russian Federation,6602878133,6602244946,2009,1,"['Biomonitoring', 'Evaluation procedures', 'Spatiotemporal analyses', 'Statistics']"
Russian Federation,6602878133,6602244946,2012,1,"['Biomonitoring', 'Bryophytes', 'EMEP', 'Heavy metals', 'Metal deposition']"
Russian Federation,6701880110,6602244946,2009,1,"['Biomonitoring', 'Evaluation procedures', 'Spatiotemporal analyses', 'Statistics']"
Russian Federation,6701880110,6602244946,2010,2,"['Biomonitoring', 'EMEP maps', 'Heavy metals', 'Metal deposition', 'Moss survey', 'Biomonitoring', 'Cadmium', 'Correlation analysis', 'Deposition', 'Lead', 'Mercury', 'Moss']"
Russian Federation,6701880110,6602244946,2012,1,"['Biomonitoring', 'Bryophytes', 'EMEP', 'Heavy metals', 'Metal deposition']"
Russian Federation,6602244946,36056181100,2009,1,"['Biomonitoring', 'Evaluation procedures', 'Spatiotemporal analyses', 'Statistics']"
Russian Federation,6602244946,36056181100,2010,2,"['Biomonitoring', 'EMEP maps', 'Heavy metals', 'Metal deposition', 'Moss survey', 'Biomonitoring', 'Cadmium', 'Correlation analysis', 'Deposition', 'Lead', 'Mercury', 'Moss']"
United States,35609873700,12778353500,2008,1,"['ARIA', 'Asthma', 'Guideline', 'Management', 'Rhinitis']"
United States,12778353500,7005036463,2008,1,"['ARIA', 'Asthma', 'Guideline', 'Management', 'Rhinitis']"
United States,35607150600,6506815732,2012,1,"['allergy', 'asthma', 'inhalant', 'rhinitis', 'skin prick test']"
United States,6506815732,7005524902,2012,1,"['allergy', 'asthma', 'inhalant', 'rhinitis', 'skin prick test']"
United States,14056134900,7005524902,2018,1,['']
United States,12645157700,7005524902,2017,1,"['Allergic rhinitis', 'practice guideline']"
United States,12645157700,7005524902,2018,1,['']
United States,11139049000,35612773100,2016,1,"['Decision-making', 'Engineering', 'Engineering economic', 'Hybrid MCDM', 'Industrial engineering', 'Literature review', 'MCDM']"
United States,11139049000,35612773100,2017,1,"['Civil engineering', 'Construction building technology', 'Decision-making', 'Literature review', 'MCDM', 'Sustainability']"
United States,11139049000,7004024216,2014,1,"['Civil engineering journals', 'ISI impact factor', 'MCDM', 'WASPAS', 'Web of science']"
United States,23148421200,6506230265,2017,1,"['MCDM', 'MULTIMOORA', 'Neutrosophic set', 'single valued neutrosophic set']"
United States,11139054200,35612773100,2016,1,"['Decision-making', 'Engineering', 'Engineering economic', 'Hybrid MCDM', 'Industrial engineering', 'Literature review', 'MCDM']"
United States,11139054200,36678877000,2012,1,"['AHP', 'COPRAS', 'Fuzzy set theory', 'Maintenance strategy', 'Selection']"
United States,11139054200,6506230265,2017,1,"['Criteria weights', 'Group decision-making', 'PIPRECIA', 'PIPRECIA-E', 'Pivot pairwise relative criteria importance assessment', 'SWARA']"
United States,35612773100,55988408800,2017,1,"['Civil engineering', 'Construction building technology', 'Decision-making', 'Literature review', 'MCDM', 'Sustainability']"
United States,7003771138,14833138300,2007,1,"['Central and eastern Europe', 'Economics', 'Gender attitudes']"
United States,11438901000,14833138300,2007,1,"['Central and eastern Europe', 'Economics', 'Gender attitudes']"
United States,14833138300,14833522500,2007,1,"['Central and eastern Europe', 'Economics', 'Gender attitudes']"
Denmark,16749277500,12778353500,2010,1,"['ARIA', 'asthma', 'EAACI', 'EFA', 'IPCRG', 'rhinitis']"
Denmark,7004294156,6506815732,2012,1,"['allergy', 'asthma', 'inhalant', 'rhinitis', 'skin prick test']"
Denmark,7401502415,12645157700,2014,1,['']
Denmark,16749277500,12778353500,2010,1,"['ARIA', 'asthma', 'EAACI', 'EFA', 'IPCRG', 'rhinitis']"
Denmark,11139049000,54986334000,2016,1,"['Decision-making', 'Hybrid MCDM HMCDM', 'Multiple criteria decision-making (MCDM)', 'Sustainability']"
Denmark,11139054200,54986334000,2016,1,"['Decision-making', 'Hybrid MCDM HMCDM', 'Multiple criteria decision-making (MCDM)', 'Sustainability']"
Denmark,11139220100,54986334000,2018,1,"['Analytic hierarchy process (AHP)', 'Factor', 'Housing market', 'Quality of life', 'Transportation system']"
Denmark,54986334000,56000972200,2018,1,"['Analytic hierarchy process (AHP)', 'Factor', 'Housing market', 'Quality of life', 'Transportation system']"
Algeria,12778353500,23972297100,2010,1,"['ARIA', 'asthma', 'EAACI', 'EFA', 'IPCRG', 'rhinitis']"
Algeria,12778353500,23972297100,2010,1,"['ARIA', 'asthma', 'EAACI', 'EFA', 'IPCRG', 'rhinitis']"
South Africa South Africa,12778353500,7006236599,2008,1,"['ARIA', 'Asthma', 'Guideline', 'Management', 'Rhinitis']"
South Africa South Africa,12778353500,7006236599,2008,1,"['ARIA', 'Asthma', 'Guideline', 'Management', 'Rhinitis']"
Czech Republic,6602870849,57204792584,2018,1,"['epidemiology', 'gender', 'obesity', 'sleep-disordered breathing']"
Czech Republic,6701740640,7003471744,2018,1,"['Europe', 'Financial crisis', 'Health inequalities', 'Morbidity', 'Mortality']"
Czech Republic,6506815732,6602408250,2012,1,"['allergy', 'asthma', 'inhalant', 'rhinitis', 'skin prick test']"
Czech Republic,6602408250,12645157700,2017,1,"['Allergic rhinitis', 'practice guideline']"
Czech Republic,57202599335,14833138300,2007,1,"['Central and eastern Europe', 'Economics', 'Gender attitudes']"
Czech Republic,14833138300,6505984478,2007,1,"['Central and eastern Europe', 'Economics', 'Gender attitudes']"
Czech Republic,6602244946,6602652136,2009,1,"['Biomonitoring', 'Evaluation procedures', 'Spatiotemporal analyses', 'Statistics']"
Czech Republic,6602244946,6602652136,2010,2,"['Biomonitoring', 'EMEP maps', 'Heavy metals', 'Metal deposition', 'Moss survey', 'Biomonitoring', 'Cadmium', 'Correlation analysis', 'Deposition', 'Lead', 'Mercury', 'Moss']"
Czech Republic,6602244946,6602652136,2012,1,"['Biomonitoring', 'Bryophytes', 'EMEP', 'Heavy metals', 'Metal deposition']"
Ireland,35417008200,57204792584,2018,1,"['epidemiology', 'gender', 'obesity', 'sleep-disordered breathing']"
Ireland,8947481600,56724304700,2018,1,['']
Ireland,56724304700,8947481500,2018,1,['']
Ireland,6603218477,35321834100,2018,1,"['Cloud gaming', 'Lag compensation', 'Network delay', 'Quality of experience']"
Ireland,57202544205,35321834100,2018,1,"['Cloud gaming', 'Lag compensation', 'Network delay', 'Quality of experience']"
Slovakia,56276834900,57204792584,2018,2,"['epidemiology', 'gender', 'obesity', 'sleep-disordered breathing', 'cholesterol', 'dyslipidemia', 'hypoxia', 'obesity', 'sleep apnoea']"
Slovakia,16031109800,14833138300,2007,1,"['Central and eastern Europe', 'Economics', 'Gender attitudes']"
Slovakia,23005874900,35321834100,2018,1,"['Cloud gaming', 'Lag compensation', 'Network delay', 'Quality of experience']"
Slovakia,7003832841,6602244946,2009,1,"['Biomonitoring', 'Evaluation procedures', 'Spatiotemporal analyses', 'Statistics']"
Slovakia,7003832841,6602244946,2010,2,"['Biomonitoring', 'EMEP maps', 'Heavy metals', 'Metal deposition', 'Moss survey', 'Biomonitoring', 'Cadmium', 'Correlation analysis', 'Deposition', 'Lead', 'Mercury', 'Moss']"
Slovakia,7003832841,6602244946,2012,1,"['Biomonitoring', 'Bryophytes', 'EMEP', 'Heavy metals', 'Metal deposition']"
Singapore,7006721062,8947481500,2016,1,['']
Hungary,7006796071,8947481500,2007,1,['']
Hungary,7006796071,8947481500,2018,1,"['5-Aminosalicylic Acid', 'Corticosteroid', 'Intraepithelial Lymphocytes', 'Microscopic Colitis']"
Hungary,6701740640,26432619800,2018,1,"['Europe', 'Financial crisis', 'Health inequalities', 'Morbidity', 'Mortality']"
Hungary,14833138300,14832952000,2007,1,"['Central and eastern Europe', 'Economics', 'Gender attitudes']"
Hungary,14833138300,6603175385,2007,1,"['Central and eastern Europe', 'Economics', 'Gender attitudes']"
Hungary,6506906199,6602244946,2009,1,"['Biomonitoring', 'Evaluation procedures', 'Spatiotemporal analyses', 'Statistics']"
Hungary,6506906199,6602244946,2012,1,"['Biomonitoring', 'Bryophytes', 'EMEP', 'Heavy metals', 'Metal deposition']"
Australia,7004327210,8947481500,2016,1,['']
Malaysia,7201860992,8947481500,2016,1,['']
Malaysia,26868087300,11139054200,2016,1,"['decision-making methods', 'fuzzy TOPSIS', 'MADM', 'MCDM', 'multi-attribute', 'Multi-criteria', 'recent development', 'TOPSIS']"
Malaysia,26868087300,55875698500,2016,1,"['Energy', 'Energy saving technologies and solutions', 'Fuzzy AHP', 'Fuzzy Delphi method', 'Fuzzy TOPSIS', 'Hotel', 'Hotel industry']"
Malaysia,26868087300,55875698500,2017,1,"['Decomposed theory of planned behavior', 'Recycle', 'Repair', 'Reuse', 'Reverse supply chain management', 'Sustainable waste management', 'Theory of planned behavior']"
Malaysia,57191723039,55875698500,2016,1,"['Energy', 'Energy saving technologies and solutions', 'Fuzzy AHP', 'Fuzzy Delphi method', 'Fuzzy TOPSIS', 'Hotel', 'Hotel industry']"
Malaysia,57191723039,55875698500,2017,1,"['Data envelopment analysis (DEA)', 'Decision making units (DMUs)', 'Eco-efficiency', 'Efficiency', 'Energy', 'Energy efficiency', 'Environment']"
Malaysia,11139054200,56285319300,2016,1,"['decision-making methods', 'fuzzy TOPSIS', 'MADM', 'MCDM', 'multi-attribute', 'Multi-criteria', 'recent development', 'TOPSIS']"
Malaysia,11139054200,23034937800,2016,1,"['decision-making methods', 'fuzzy TOPSIS', 'MADM', 'MCDM', 'multi-attribute', 'Multi-criteria', 'recent development', 'TOPSIS']"
Malaysia,56285319300,55875698500,2017,4,"['Data envelopment analysis (DEA)', 'Decision making units (DMUs)', 'Eco-efficiency', 'Efficiency', 'Energy', 'Energy efficiency', 'Environment', 'Decomposed theory of planned behavior', 'Recycle', 'Repair', 'Reuse', 'Reverse supply chain management', 'Sustainable waste management', 'Theory of planned behavior', 'Comprehensive analysis', 'Environmental sustainability', 'Meta-analysis', 'Structural equation modeling', 'Economic growth', 'Financial development', 'Inflation', 'Taxation']"
Malaysia,56285319300,55875698500,2016,1,"['Energy', 'Energy saving technologies and solutions', 'Fuzzy AHP', 'Fuzzy Delphi method', 'Fuzzy TOPSIS', 'Hotel', 'Hotel industry']"
Malaysia,56285319300,55926913900,2017,2,"['Internet financial reporting', 'Selected aspects', 'Users opinions', 'Web analytics and Malaysia', 'Capital structure', 'Corporate performance', 'Intellectual capital', 'Non-financial stakeholders', 'Perceived environmental uncertainty']"
Malaysia,55875698500,53164463000,2017,1,"['Comprehensive analysis', 'Environmental sustainability', 'Meta-analysis', 'Structural equation modeling']"
Malaysia,55875698500,23034937800,2016,1,"['Energy', 'Energy saving technologies and solutions', 'Fuzzy AHP', 'Fuzzy Delphi method', 'Fuzzy TOPSIS', 'Hotel', 'Hotel industry']"
Malaysia,55875698500,23034937800,2017,3,"['Data envelopment analysis (DEA)', 'Decision making units (DMUs)', 'Eco-efficiency', 'Efficiency', 'Energy', 'Energy efficiency', 'Environment', 'Decomposed theory of planned behavior', 'Recycle', 'Repair', 'Reuse', 'Reverse supply chain management', 'Sustainable waste management', 'Theory of planned behavior', 'Comprehensive analysis', 'Environmental sustainability', 'Meta-analysis', 'Structural equation modeling']"
Malaysia,57194084186,55926913900,2017,1,"['Capital structure', 'Corporate performance', 'Intellectual capital', 'Non-financial stakeholders', 'Perceived environmental uncertainty']"
Switzerland,6701740640,7006616811,2008,1,['']
Switzerland,6701740640,7006616811,2018,1,"['Europe', 'Financial crisis', 'Health inequalities', 'Morbidity', 'Mortality']"
Switzerland,7006616811,35584466700,2008,1,['']
Switzerland,7003306190,6506815732,2012,1,"['allergy', 'asthma', 'inhalant', 'rhinitis', 'skin prick test']"
Switzerland,7003306190,12645157700,2017,1,"['Allergic rhinitis', 'practice guideline']"
Switzerland,6602785354,6602244946,2009,1,"['Biomonitoring', 'Evaluation procedures', 'Spatiotemporal analyses', 'Statistics']"
Switzerland,6602785354,6602244946,2010,2,"['Biomonitoring', 'EMEP maps', 'Heavy metals', 'Metal deposition', 'Moss survey', 'Biomonitoring', 'Cadmium', 'Correlation analysis', 'Deposition', 'Lead', 'Mercury', 'Moss']"
Switzerland,6602785354,6602244946,2012,1,"['Biomonitoring', 'Bryophytes', 'EMEP', 'Heavy metals', 'Metal deposition']"
Canada,7004109565,6603806146,1997,2,"['', '']"
Canada,7004109565,6603806146,1998,3,"['Bloch oscillations', 'Superlattice', 'Wannier-Stark ladder', 'Wave packet displacement', 'Bloch oscillations', 'Displacement', 'Superlattices', 'Time-resolved spectroscopy', '']"
Canada,7004109565,6603806146,1999,1,"['Bloch Oscillations', 'GaAs/AIGaAs Superlattices', 'Ultrafast Spectroscopy']"
Canada,6506913971,14833138300,2007,1,"['Central and eastern Europe', 'Economics', 'Gender attitudes']"
Austria,7005309645,12645157700,2008,1,"['Asthma', 'Episodic viral wheeze', 'Inhaled corticosteroids', 'Montelukast', 'Multiple-trigger wheeze']"
Austria,7005309645,12645157700,2014,1,['']
Austria,6506815732,7102353770,2012,1,"['allergy', 'asthma', 'inhalant', 'rhinitis', 'skin prick test']"
Austria,6602244946,6603424687,2009,1,"['Biomonitoring', 'Evaluation procedures', 'Spatiotemporal analyses', 'Statistics']"
Austria,6602244946,6603424687,2010,2,"['Biomonitoring', 'EMEP maps', 'Heavy metals', 'Metal deposition', 'Moss survey', 'Biomonitoring', 'Cadmium', 'Correlation analysis', 'Deposition', 'Lead', 'Mercury', 'Moss']"
Austria,6602244946,6603424687,2012,1,"['Biomonitoring', 'Bryophytes', 'EMEP', 'Heavy metals', 'Metal deposition']"
Serbia,55904050700,54080216100,2017,1,"['Internal transport', 'Logistics', 'Railway wagon', 'Rough Best-Worst Method (BWM)', 'Rough Simple AdditiveWeighting (SAW)']"
Serbia,24399886400,55195892200,2015,1,"['Intuitionistic fuzzy sets', 'Multiple criteria decision making', 'Rural tourism', 'Satisfaction level', 'Website evaluation', 'Website quality']"
Serbia,23148421200,56610282100,2015,1,"['Full multiplicative form', 'Interval-valued triangular fuzzy numbers', 'MCDM', 'MULTIMOORA', 'Ratio system', 'Reference point']"
Serbia,23148421200,56610282100,2017,1,"['MCDM', 'MULTIMOORA', 'Neutrosophic set', 'single valued neutrosophic set']"
Serbia,23148421200,55195892200,2015,1,"['Full multiplicative form', 'Interval-valued triangular fuzzy numbers', 'MCDM', 'MULTIMOORA', 'Ratio system', 'Reference point']"
Serbia,23148421200,55195892200,2017,1,"['MCDM', 'MULTIMOORA', 'Neutrosophic set', 'single valued neutrosophic set']"
Serbia,56610282100,11139054200,2016,1,"['competencies', 'fuzzy', 'MCDM', 'recruitment', 'selection of personnel']"
Serbia,56610282100,11139054200,2017,2,"['ARAS', 'ARCAS', 'group decision-making', 'MCDM', 'negotiation', 'SWARA', 'Criteria weights', 'Group decision-making', 'PIPRECIA', 'PIPRECIA-E', 'Pivot pairwise relative criteria importance assessment', 'SWARA']"
Serbia,11139054200,55195892200,2016,1,"['competencies', 'fuzzy', 'MCDM', 'recruitment', 'selection of personnel']"
Serbia,11139054200,55195892200,2017,3,"['EDAS', 'Grey systems', 'Interval grey numbers', 'MCDM', 'Uncertainty', 'ARAS', 'ARCAS', 'group decision-making', 'MCDM', 'negotiation', 'SWARA', 'Criteria weights', 'Group decision-making', 'PIPRECIA', 'PIPRECIA-E', 'Pivot pairwise relative criteria importance assessment', 'SWARA']"
Serbia,6507778176,55195892200,2016,1,"['Lead-zinc flotation', 'Multi-criteria decision making', 'Neutrosophic set', 'WASPAS-SVNS']"
Serbia,6603838643,6602244946,2009,1,"['Biomonitoring', 'Evaluation procedures', 'Spatiotemporal analyses', 'Statistics']"
Serbia,6603838643,6602244946,2010,2,"['Biomonitoring', 'EMEP maps', 'Heavy metals', 'Metal deposition', 'Moss survey', 'Biomonitoring', 'Cadmium', 'Correlation analysis', 'Deposition', 'Lead', 'Mercury', 'Moss']"
Serbia,21035570500,6602244946,2012,1,"['Biomonitoring', 'Bryophytes', 'EMEP', 'Heavy metals', 'Metal deposition']"
Bosnia and Herzegovina,55904050700,57189618948,2017,1,"['Internal transport', 'Logistics', 'Railway wagon', 'Rough Best-Worst Method (BWM)', 'Rough Simple AdditiveWeighting (SAW)']"
Bosnia and Herzegovina,55904050700,57189618948,2018,1,"['Criteria', 'Logistics', 'Multi-criteria decision making', 'Rough SWARA', 'Weights of criteria']"
Iran,11139049000,55207319600,2014,1,"['Interval-valued intuitionistic fuzzy sets (IVIFS)', 'Multiple attribute decision making (MADM)', 'Multiple criteria decision making (MCDM)', 'Weighted aggregated sum product assessment (WASPAS)']"
Iran,11139049000,55207319600,2015,1,['']
Iran,11139049000,26038890600,2016,1,"['AFRAW', 'Fuzzy ranking method', 'Interval type-2 fuzzy sets', 'MCDM', 'Multi-criteria group decision-making']"
Iran,11139049000,26038890600,2017,3,"['EDAS method', 'Environmental criteria', 'Interval type-2 fuzzy sets', 'Multi-criteria decision-making', 'Order allocation', 'Supplier evaluation', 'EDAS', 'MCDM', 'Multi-criteria decision-making', 'normal distribution', 'stochastic MCDM', 'Decision-making', 'Fuzzy sets', 'MADM', 'Supplier evaluation', 'Supplier selection']"
Iran,11139049000,26038890600,2018,2,"['Fuzzy EDAS', 'Fuzzy sets', 'Group decision-making', 'MADM', 'MCDM', 'Multi-criteria decision-making', 'Subcontractor evaluation', 'Criteria weights', 'Group decision-making', 'Interval type-2 fuzzy set (IT2FS)', 'Multi-criteria decision-making (MCDM)', 'Step-wise Weight Assessment Ratio Analysis (SWARA)', 'Subjective weights']"
Iran,11139049000,57201773206,2016,1,"['AFRAW', 'Fuzzy ranking method', 'Interval type-2 fuzzy sets', 'MCDM', 'Multi-criteria group decision-making']"
Iran,11139049000,57201773206,2017,3,"['EDAS method', 'Environmental criteria', 'Interval type-2 fuzzy sets', 'Multi-criteria decision-making', 'Order allocation', 'Supplier evaluation', 'EDAS', 'MCDM', 'Multi-criteria decision-making', 'normal distribution', 'stochastic MCDM', 'Decision-making', 'Fuzzy sets', 'MADM', 'Supplier evaluation', 'Supplier selection']"
Iran,11139049000,57201773206,2018,2,"['Fuzzy EDAS', 'Fuzzy sets', 'Group decision-making', 'MADM', 'MCDM', 'Multi-criteria decision-making', 'Subcontractor evaluation', 'Criteria weights', 'Group decision-making', 'Interval type-2 fuzzy set (IT2FS)', 'Multi-criteria decision-making (MCDM)', 'Step-wise Weight Assessment Ratio Analysis (SWARA)', 'Subjective weights']"
Iran,11139049000,55206229200,2014,1,"['Interval-valued intuitionistic fuzzy sets (IVIFS)', 'Multiple attribute decision making (MADM)', 'Multiple criteria decision making (MCDM)', 'Weighted aggregated sum product assessment (WASPAS)']"
Iran,11139049000,55206229200,2015,1,['']
Iran,11139049000,50961843700,2017,1,"['Cost estimation', 'Hybrid model', 'Multivariate regression', 'Neural network', 'Shovel machine']"
Iran,56539949100,55875698500,2017,1,"['Financial market', 'Minimum spanning trees (MSTs)', 'Renewable energy', 'Stock exchange']"
Iran,26038890600,11139054200,2016,1,"['EDAS method', 'Fuzzy EDAS', 'Fuzzy MCDM', 'Fuzzy sets', 'Multi-criteria decision-making', 'Supplier selection']"
Iran,26038890600,11139054200,2017,3,"['EDAS method', 'Fuzzy MCDM', 'Interval type-2 fuzzy sets', 'Multi-criteria decision-making', 'EDAS method', 'Environmental criteria', 'Interval type-2 fuzzy sets', 'Multi-criteria decision-making', 'Order allocation', 'Supplier evaluation', 'EDAS', 'MCDM', 'Multi-criteria decision-making', 'normal distribution', 'stochastic MCDM']"
Iran,26038890600,11139054200,2018,2,"['Fuzzy EDAS', 'Fuzzy sets', 'Group decision-making', 'MADM', 'MCDM', 'Multi-criteria decision-making', 'Subcontractor evaluation', 'Criteria weights', 'Group decision-making', 'Interval type-2 fuzzy set (IT2FS)', 'Multi-criteria decision-making (MCDM)', 'Step-wise Weight Assessment Ratio Analysis (SWARA)', 'Subjective weights']"
Iran,11139054200,57201773206,2015,1,"['ABC classification', 'EDAS method', 'Inventory management', 'Multi-criteria decision-making (MCDM)', 'Multi-criteria inventory classification (MCIC)']"
Iran,11139054200,57201773206,2016,2,"['EDAS method', 'Fuzzy EDAS', 'Fuzzy MCDM', 'Fuzzy sets', 'Multi-criteria decision-making', 'Supplier selection', 'CODAS', 'Euclidean distance', 'MADM', 'MCDM', 'Multi-criteria decision-making', 'Taxicab distance']"
Iran,11139054200,57201773206,2017,4,"['EDAS method', 'Fuzzy MCDM', 'Interval type-2 fuzzy sets', 'Multi-criteria decision-making', 'EDAS', 'Grey systems', 'Interval grey numbers', 'MCDM', 'Uncertainty', 'EDAS method', 'Environmental criteria', 'Interval type-2 fuzzy sets', 'Multi-criteria decision-making', 'Order allocation', 'Supplier evaluation', 'EDAS', 'MCDM', 'Multi-criteria decision-making', 'normal distribution', 'stochastic MCDM']"
Iran,11139054200,57201773206,2018,2,"['Fuzzy EDAS', 'Fuzzy sets', 'Group decision-making', 'MADM', 'MCDM', 'Multi-criteria decision-making', 'Subcontractor evaluation', 'Criteria weights', 'Group decision-making', 'Interval type-2 fuzzy set (IT2FS)', 'Multi-criteria decision-making (MCDM)', 'Step-wise Weight Assessment Ratio Analysis (SWARA)', 'Subjective weights']"
Iran,11139054200,54893910200,2012,1,"['AHP', 'COPRAS', 'Fuzzy set theory', 'Maintenance strategy', 'Selection']"
Iran,11139054200,50861707500,2011,1,"['AHP', 'Caspian forest', 'COPRAS-G method', 'Forests road']"
Iran,11139054200,57195273507,2018,1,"['Additive ratio assessment (ARAS)', 'Interval-valued fuzzy additive ratio assessment', 'Oil and gas well drilling projects', 'Performance evaluation', 'Step-wise weight assessment ratio analysis (SWARA)']"
Iran,11139054200,22636378600,2013,1,"['Coal mine', 'Road header performance', 'Subtractive clustering', 'TS fuzzy model']"
Iran,11139054200,55387000300,2013,1,"['Design of products', 'SWARA method', 'Yin-Yang balance theory']"
Iran,11139054200,50961843700,2012,1,"['AHP', 'COPRAS', 'Fuzzy set theory', 'Maintenance strategy', 'Selection']"
Iran,11139054200,50961843700,2013,1,"['Coal mine', 'Road header performance', 'Subtractive clustering', 'TS fuzzy model']"
Iran,6507778176,55702202500,2018,1,"['Factors aggregation', 'Fuzzy logic', 'Prioritization', 'Strategic planning']"
Iran,6507778176,50961843700,2017,1,"['Cost estimation', 'Hybrid model', 'Multivariate regression', 'Neural network', 'Shovel machine']"
Iran,57196048681,55875698500,2017,1,"['Comprehensive analysis', 'Environmental sustainability', 'Meta-analysis', 'Structural equation modeling']"
Iran,55875698500,50961843700,2018,1,"['fuzzy logic', 'investment opportunities', 'renewable energy technologies', 'Technology capability assessment']"
Iran,43761109400,50961843700,2014,1,"['Analytic network process (ANP)', 'Environmental impact assessment (EAI)', 'Fuzzy simple additive weight (SAW)', 'MCDM']"
India,11139049000,9737215300,2017,1,"['Ab-Ps', 'GM', 'Grey numbers', 'Multiple criteria decision making (MCDM)', 'SPPS']"
India,11139049000,9737215300,2018,1,"['Group decision making', 'Hesitant fuzzy set', 'Hospital evaluation', 'Linguistic hesitant fuzzy set and Standard variance']"
India,11139049000,10241300900,2015,2,"['Optimization', 'Process parameter', 'Response', 'WASPAS method', 'Manufacturing', 'MCDM (Multiple Criteria Decision Making)', 'Ranking', 'WASPAS (Weighted Aggregated Sum Product Assessment)', 'WPM (Weighted Product Model)', 'WSM (Weighted Sum Model)']"
India,11139049000,57194870196,2017,1,"['Ab-Ps', 'GM', 'Grey numbers', 'Multiple criteria decision making (MCDM)', 'SPPS']"
India,24399886400,9737215300,2018,1,"['Analytical network process (ANP)', 'Consistent fuzzy preference relation (CFPR)', 'Construction project risk', 'D number', 'Multi-attributive border approximation area comparison (MABAC)', 'Multi-criteria decision-making (MCDM)', 'Risk management']"
India,24399886400,55931912700,2018,1,"['Analytical network process (ANP)', 'Consistent fuzzy preference relation (CFPR)', 'Construction project risk', 'D number', 'Multi-attributive border approximation area comparison (MABAC)', 'Multi-criteria decision-making (MCDM)', 'Risk management']"
India,26026748700,55875698500,2018,1,"['Analytical network process', 'Decision Making Trial and Evaluation Laboratory', 'Multi-criteria decision-making', 'Renewable energy']"
Chile,11139054200,50562420500,2011,1,"['AHP', 'Caspian forest', 'COPRAS-G method', 'Forests road']"
Croatia,6506702734,14833138300,2007,1,"['Central and eastern Europe', 'Economics', 'Gender attitudes']"
Croatia,14833251000,14833138300,2007,1,"['Central and eastern Europe', 'Economics', 'Gender attitudes']"
Croatia,14833138300,56257255500,2007,1,"['Central and eastern Europe', 'Economics', 'Gender attitudes']"
Croatia,6508197649,35321834100,2018,1,"['Cloud gaming', 'Lag compensation', 'Network delay', 'Quality of experience']"
Croatia,6602244946,6508365794,2010,2,"['Biomonitoring', 'EMEP maps', 'Heavy metals', 'Metal deposition', 'Moss survey', 'Biomonitoring', 'Cadmium', 'Correlation analysis', 'Deposition', 'Lead', 'Mercury', 'Moss']"
Croatia,6602244946,6508365794,2012,1,"['Biomonitoring', 'Bryophytes', 'EMEP', 'Heavy metals', 'Metal deposition']"
Albania,14833138300,14833181300,2007,1,"['Central and eastern Europe', 'Economics', 'Gender attitudes']"
Luxembourg,23489666700,57202636679,2017,2,"['Blockchain', 'Breach of contract', 'Contract law', 'Court injunction', 'Factor analysis', 'Smart contract', 'Stochastic modeling', 'Structural equation modeling', 'Unsupervised machine learning', 'Factor analysis', 'Misspecification of criteria', 'Multi-criteria decision analysis (MCDA)', 'Online broker', 'Quality of service (QoS)', 'Structural uncertainty', 'Unsupervised machine learning']"
Luxembourg,23489666700,57190845405,2017,2,"['Blockchain', 'Breach of contract', 'Contract law', 'Court injunction', 'Factor analysis', 'Smart contract', 'Stochastic modeling', 'Structural equation modeling', 'Unsupervised machine learning', 'Factor analysis', 'Misspecification of criteria', 'Multi-criteria decision analysis (MCDA)', 'Online broker', 'Quality of service (QoS)', 'Structural uncertainty', 'Unsupervised machine learning']"
Estonia,8267456000,6602244946,2009,1,"['Biomonitoring', 'Evaluation procedures', 'Spatiotemporal analyses', 'Statistics']"
Estonia,8267456000,6602244946,2010,2,"['Biomonitoring', 'EMEP maps', 'Heavy metals', 'Metal deposition', 'Moss survey', 'Biomonitoring', 'Cadmium', 'Correlation analysis', 'Deposition', 'Lead', 'Mercury', 'Moss']"
Estonia,8267456000,6602244946,2012,1,"['Biomonitoring', 'Bryophytes', 'EMEP', 'Heavy metals', 'Metal deposition']"
Latvia,36056464400,6602244946,2009,1,"['Biomonitoring', 'Evaluation procedures', 'Spatiotemporal analyses', 'Statistics']"
Latvia,36056464400,6602244946,2010,2,"['Biomonitoring', 'EMEP maps', 'Heavy metals', 'Metal deposition', 'Moss survey', 'Biomonitoring', 'Cadmium', 'Correlation analysis', 'Deposition', 'Lead', 'Mercury', 'Moss']"
Latvia,6508140615,6602244946,2012,1,"['Biomonitoring', 'Bryophytes', 'EMEP', 'Heavy metals', 'Metal deposition']"
Latvia,6506521858,6602244946,2012,1,"['Biomonitoring', 'Bryophytes', 'EMEP', 'Heavy metals', 'Metal deposition']"
Macedonia,6508294170,6602244946,2009,1,"['Biomonitoring', 'Evaluation procedures', 'Spatiotemporal analyses', 'Statistics']"
Macedonia,6508294170,6602244946,2010,2,"['Biomonitoring', 'EMEP maps', 'Heavy metals', 'Metal deposition', 'Moss survey', 'Biomonitoring', 'Cadmium', 'Correlation analysis', 'Deposition', 'Lead', 'Mercury', 'Moss']"
Macedonia,6602244946,35563332500,2012,1,"['Biomonitoring', 'Bryophytes', 'EMEP', 'Heavy metals', 'Metal deposition']"
Ukraine,22940366900,6602244946,2009,1,"['Biomonitoring', 'Evaluation procedures', 'Spatiotemporal analyses', 'Statistics']"
Ukraine,22940366900,6602244946,2010,2,"['Biomonitoring', 'EMEP maps', 'Heavy metals', 'Metal deposition', 'Moss survey', 'Biomonitoring', 'Cadmium', 'Correlation analysis', 'Deposition', 'Lead', 'Mercury', 'Moss']"
Ukraine,22940366900,6602244946,2012,1,"['Biomonitoring', 'Bryophytes', 'EMEP', 'Heavy metals', 'Metal deposition']"
Faroe Islands,57202637380,6602244946,2009,1,"['Biomonitoring', 'Evaluation procedures', 'Spatiotemporal analyses', 'Statistics']"
Faroe Islands,57202637380,6602244946,2010,2,"['Biomonitoring', 'EMEP maps', 'Heavy metals', 'Metal deposition', 'Moss survey', 'Biomonitoring', 'Cadmium', 'Correlation analysis', 'Deposition', 'Lead', 'Mercury', 'Moss']"
Iceland,6602244946,36056764400,2009,1,"['Biomonitoring', 'Evaluation procedures', 'Spatiotemporal analyses', 'Statistics']"
Iceland,6602244946,36056764400,2010,2,"['Biomonitoring', 'EMEP maps', 'Heavy metals', 'Metal deposition', 'Moss survey', 'Biomonitoring', 'Cadmium', 'Correlation analysis', 'Deposition', 'Lead', 'Mercury', 'Moss']"
Iceland,6602244946,36056764400,2012,1,"['Biomonitoring', 'Bryophytes', 'EMEP', 'Heavy metals', 'Metal deposition']"
